,fips,Migrants
0,01001,10.762034907381215
1,01003,15.541765039802948
2,01005,2.4159837894376763
3,01007,10.71962107101849
4,01009,11.247155543785343
5,01011,1.143169824019913
6,01013,2.4544668804264207
7,01015,15.86406458892674
8,01017,3.8283511858675263
9,01019,3.0668295670799273
10,01021,11.290498652938478
11,01023,1.900924386275118
12,01025,3.146865674275693
13,01027,1.9993556462030109
14,01029,1.7995750915551052
15,01031,4.554825291489288
16,01033,7.804897683484543
17,01035,1.3553357713772765
18,01037,1.9734685416718303
19,01039,3.4695622491502482
20,01041,1.5403757912335931
21,01043,16.61945564367676
22,01045,4.114863850607139
23,01047,8.407255388040808
24,01049,7.887516378791009
25,01051,12.291493265837103
26,01053,3.531236455127552
27,01055,14.607893273334259
28,01057,7.178224424851366
29,01059,5.476995272946508
30,01061,2.082894034217023
31,01063,3.0253540442922264
32,01065,5.718853374276047
33,01067,1.3447133680459027
34,01069,7.503736159460791
35,01071,5.526789436189424
36,01073,231.29290253871767
37,01075,4.216766520360351
38,01077,11.791837035901663
39,01079,5.483354172418626
40,01081,16.24105443390848
41,01083,11.735580480116962
42,01085,1.5964086775545745
43,01087,2.231739215036915
44,01089,42.72485074666973
45,01091,3.8621389017423216
46,01093,6.8984156525395965
47,01095,13.589488399617862
48,01097,31.881369411174926
49,01099,2.6233282610931012
50,01101,29.841408288815778
51,01103,18.955715807301086
52,01105,2.9648562547430655
53,01107,8.694577628242746
54,01109,3.4200677586700334
55,01111,2.6832174598160665
56,01113,5.541324941647907
57,01115,16.26775048078536
58,01117,59.901637598201106
59,01119,3.0103173664783722
60,01121,14.766151057814088
61,01123,5.600662270704921
62,01125,0.0
63,01127,25.10074550108587
64,01129,1.751777295482906
65,01131,1.7314942097320214
66,01133,5.649816588140401
67,02013,0.012600567102307399
68,02016,0.017653665326768823
69,02020,1.2898755993350595
70,02050,0.06898904277554005
71,02060,0.003800655788380495
72,02068,0.008120348716290936
73,02070,0.019517442331564147
74,02090,0.4315253516704658
75,02100,0.012909693686966522
76,02105,0.010604686773757869
77,02110,0.16678403167439024
78,02122,0.23920325764270234
79,02130,0.07572243001961726
80,02150,0.057481002606391364
81,02164,0.006492901616639438
82,02170,0.4178585593813679
83,02180,0.03680729925991598
84,02185,0.03921604280197598
85,02188,0.029896181153209897
86,02195,0.016621664465542328
87,02198,0.03425687286293218
88,02220,0.04554282152214726
89,02230,0.00520843122109184
90,02240,0.03117230467592025
91,02261,0.04242915565776603
92,02270,0.03016551839282893
93,02275,0.012726252163759751
94,02282,0.0030087347538140584
95,02290,0.023024075007485878
96,04001,0.8074277080698214
97,04003,1.3925772337791482
98,04005,1.4046877405427942
99,04007,0.5616219806660439
100,04009,0.4159935250131345
101,04011,0.10562135960215056
102,04012,0.1879464489615063
103,04013,40.22204546339568
104,04015,1.9212908389336343
105,04017,1.1718180896702635
106,04019,10.087611961145448
107,04021,4.1306409030163564
108,04023,0.4849100060772295
109,04025,2.1588112810376905
110,04027,1.8866669657276562
111,05001,1.135481150898281
112,05003,1.2070948772596513
113,05005,1.6902876349157685
114,05007,7.867096863677016
115,05009,1.3938905951118885
116,05011,0.5882084561851484
117,05013,0.2553286877829282
118,05015,0.9793139138761177
119,05017,0.7258956610210491
120,05019,0.9704868298210702
121,05021,0.7966245462174063
122,05023,1.1991427040815468
123,05025,0.44012179631319054
124,05027,1.0278783054338538
125,05029,0.9183661276421847
126,05031,5.827678037642049
127,05033,2.109739716178214
128,05035,3.379974782945867
129,05037,1.0537895091801341
130,05039,0.3673106243603547
131,05041,0.7982555444164016
132,05043,1.084718106862349
133,05045,5.645669263992159
134,05047,0.6399894389317481
135,05049,0.529658407753436
136,05051,4.119377289521592
137,05053,0.8864477251716194
138,05055,2.370504585807672
139,05057,0.889904188622588
140,05059,1.4798508890553348
141,05061,0.5084769520909734
142,05063,1.833725944491855
143,05065,0.604465208574472
144,05067,0.9392088879438641
145,05069,3.9039242809532664
146,05071,0.9854057288595957
147,05073,0.28617511445466864
148,05075,0.8611305447912658
149,05077,0.6553815626030814
150,05079,0.803014191577119
151,05081,0.45787999694881576
152,05083,0.8220324466640674
153,05085,3.751681678017118
154,05087,0.5578399972508254
155,05089,0.647956146118621
156,05091,1.669010126388964
157,05093,2.8000590033923647
158,05095,0.46327765479129634
159,05097,0.35455583180737266
160,05099,0.3694574113758422
161,05101,0.3017193316346344
162,05103,1.135712597334037
163,05105,0.44003277679216407
164,05107,1.367479534014965
165,05109,0.43635396041955443
166,05111,1.4354599217519266
167,05113,0.7275332755824878
168,05115,2.57161839422177
169,05117,0.46243803827481084
170,05119,18.97392588268169
171,05121,0.8583661366695717
172,05123,1.7366598523493462
173,05125,5.288768314049295
174,05127,0.3884749400568565
175,05129,0.3248388023304667
176,05131,4.404412447103838
177,05133,0.6332070714362477
178,05135,0.7980560777669453
179,05137,0.5580653937095464
180,05139,1.9405798939776129
181,05141,0.7325793591324326
182,05143,7.384912978120765
183,05145,4.015766326022537
184,05147,0.3916008207848329
185,05149,0.8714209150057606
186,06001,11.708934659371232
187,06003,0.008620434449957451
188,06005,0.27686581477464073
189,06007,1.6432898656503263
190,06009,0.3372457859175685
191,06011,0.15433377112014707
192,06013,8.070938585229838
193,06015,0.18657210582967657
194,06017,1.3840695294048213
195,06019,7.491476229283507
196,06021,0.20046296001959668
197,06023,0.927551063961951
198,06025,1.5793982121598382
199,06027,0.15321155787678037
200,06029,6.958238264918042
201,06031,1.1582561505768425
202,06033,0.45615770036086234
203,06035,0.23839636768512748
204,06037,81.34194929597889
205,06039,1.195732251736607
206,06041,1.852732067146174
207,06043,0.13616843396639516
208,06045,0.6129490955126424
209,06047,2.002156337280686
210,06049,0.06736657575146894
211,06051,0.11121921975432993
212,06053,3.181394641029288
213,06055,1.0184705077453682
214,06057,0.742067434154692
215,06059,25.627052198488403
216,06061,2.7939637363573735
217,06063,0.1392142385419295
218,06065,20.156585313803557
219,06067,10.951054246667331
220,06069,0.43298919097342986
221,06071,18.25453539642515
222,06073,27.38832851080257
223,06075,6.008044928519937
224,06077,5.297579963368221
225,06079,2.106453852038932
226,06081,5.442065764032059
227,06083,3.3564786904810275
228,06085,13.850595580685269
229,06087,1.9686640447802801
230,06089,1.2991243569647881
231,06091,0.022684293507166633
232,06093,0.31046203398650773
233,06095,3.132607733570748
234,06097,3.5365932863742944
235,06099,3.9680402257903524
236,06101,0.7009166255433434
237,06103,0.4539871623547023
238,06105,0.09253518321747921
239,06107,3.647431658756385
240,06109,0.4139329704860486
241,06111,6.622636023111902
242,06113,1.5099087295272802
243,06115,0.546205335999616
244,08001,6.572239504905144
245,08003,0.21441016169209642
246,08005,8.505817119269642
247,08007,0.15305921759741953
248,08009,0.05799380076665908
249,08011,0.08575348181198526
250,08013,4.05566154891622
251,08014,0.819694244583864
252,08015,0.2334806800762069
253,08017,0.028666587506592567
254,08019,0.11841851914915652
255,08021,0.10784125170444366
256,08023,0.04832975097081468
257,08025,0.07791427033915478
258,08027,0.05860311514417375
259,08029,0.3534137622491269
260,08031,8.864954278816906
261,08033,0.022987724970585984
262,08035,4.230918397854124
263,08037,0.6520222767899355
264,08039,0.33863745485953567
265,08041,9.190285951210273
266,08043,0.6200301963457129
267,08045,0.6718129956848425
268,08047,0.0756517391699317
269,08049,0.18236935492041162
270,08051,0.19320108604430902
271,08053,0.009617755974524526
272,08055,0.08922550357662681
273,08057,0.017137090651535777
274,08059,7.357873114779976
275,08061,0.021532695636636904
276,08063,0.12216206511721857
277,08065,0.09271839302475608
278,08067,0.6497778502225491
279,08069,4.127388503061746
280,08071,0.2048923631256329
281,08073,0.08013485559914592
282,08075,0.31923994823146257
283,08077,1.7060847254023932
284,08079,0.008738537915935667
285,08081,0.14707475168620138
286,08083,0.2995649694936434
287,08085,0.4776698741451585
288,08087,0.39327029836234884
289,08089,0.2719274815109392
290,08091,0.055460143963196235
291,08093,0.212459150927679
292,08095,0.06435600599145351
293,08097,0.21645074988838703
294,08099,0.19055177149540503
295,08101,2.273562311173916
296,08103,0.07703925015199364
297,08105,0.14897253916677405
298,08107,0.2859409334949059
299,08109,0.07982156754349715
300,08111,0.008696629590288319
301,08113,0.09132419057732202
302,08115,0.03430117314653373
303,08117,0.37148895176877433
304,08119,0.31332103781804005
305,08121,0.06886420882495976
306,08123,3.723891108278099
307,08125,0.1527475917161363
308,09001,14.082747860840922
309,09003,12.724193597970833
310,09005,2.6817339878978332
311,09007,2.3459039692696972
312,09009,12.498427846611946
313,09011,3.8137910919812037
314,09013,2.1044756921937924
315,09015,1.6038980288327327
316,10001,3.120565053940256
317,10003,9.9135895259514
318,10005,3.848694200580717
319,11001,13.277413575365014
320,12001,9.219866267549557
321,12003,1.0403153419163522
322,12005,10.627888980206203
323,12007,0.9675794989432696
324,12009,14.826410990761321
325,12011,40.89466615336349
326,12013,0.8482770372740843
327,12015,4.2971607510388745
328,12017,4.627243564999808
329,12019,7.004233854238461
330,12021,8.007333897237956
331,12023,2.687134346712315
332,12027,0.9143062406731773
333,12029,0.6228051003903827
334,12031,31.71004168721171
335,12033,23.72030577801046
336,12035,3.204118169590433
337,12037,0.5787031842182964
338,12039,2.5856821836508663
339,12041,0.6471632820648593
340,12043,0.33371389185066974
341,12045,0.8386913810760958
342,12047,0.601480636429124
343,12049,0.7405335247408467
344,12051,0.904896866150583
345,12053,5.61957835650503
346,12055,2.519710904116709
347,12057,38.61077404391407
348,12059,1.4255775064250147
349,12061,3.6225080804506704
350,12063,3.14535647406198
351,12065,0.6837113959664263
352,12067,0.36522059120381306
353,12069,9.61483356784716
354,12071,16.739663262415828
355,12073,14.728226909285848
356,12075,1.4249838400018828
357,12077,0.4533514135293074
358,12079,0.8499940774418238
359,12081,9.852353584691516
360,12083,11.17931658089723
361,12085,3.5950240358683616
362,12086,55.60135981682129
363,12087,1.6724437367954774
364,12089,2.8164231611871062
365,12091,14.693014019930773
366,12093,0.9755282409941419
367,12095,35.92228861574877
368,12097,8.383993490776778
369,12099,31.696752380060115
370,12101,15.023529091388383
371,12103,28.352877403805017
372,12105,17.756686052533343
373,12107,2.401328958057902
374,12109,7.159980654464571
375,12111,7.017876897042859
376,12113,12.767364715015596
377,12115,10.763091476594449
378,12117,12.677703867987342
379,12119,3.5842598254584166
380,12121,1.8239429619287046
381,12123,0.9916517473068723
382,12125,0.5709048934500026
383,12127,15.086480619173107
384,12129,1.5577879638547085
385,12131,4.3559456069508995
386,12133,1.6070716552195068
387,13001,0.8122229741890282
388,13003,0.3831465162388786
389,13005,0.4954146013822175
390,13007,0.20476367314210536
391,13009,2.627801709029322
392,13011,1.068533197932525
393,13013,4.618341614140319
394,13015,8.592020873843264
395,13017,0.8941258130020945
396,13019,0.9232168321596924
397,13021,9.716766554218943
398,13023,0.7236160267763309
399,13025,0.7353760466963803
400,13027,0.7628489392589973
401,13029,1.3162205669499416
402,13031,2.991433818078239
403,13033,1.0060535605292376
404,13035,1.6067243055120226
405,13037,0.4387206927907455
406,13039,1.9304606367556842
407,13043,0.47823306335841925
408,13045,11.352582495983507
409,13047,5.276552500429791
410,13049,0.5073990778839179
411,13051,10.418380114955427
412,13053,0.9762229540919993
413,13055,2.3643551921034707
414,13057,17.479700071787835
415,13059,7.032593483115479
416,13061,0.23444043839181283
417,13063,21.01021979719805
418,13065,0.29639226092004
419,13067,58.95790946944784
420,13069,2.032567036292162
421,13071,2.4815340223469193
422,13073,6.473408447780771
423,13075,0.8667306898544314
424,13077,12.035567927743895
425,13079,0.8380596327058205
426,13081,1.357786092915132
427,13083,1.4680739260448403
428,13085,1.5622582029472114
429,13087,1.6068980836132323
430,13089,53.03659963115719
431,13091,1.1183767878476798
432,13093,0.8737643195379368
433,13095,5.739475403399298
434,13097,12.175085191190078
435,13099,0.7264498199915996
436,13101,0.1730630293272188
437,13103,2.1527583718831527
438,13105,1.0005251660822392
439,13107,1.050338604581005
440,13109,0.45797222891687295
441,13111,1.5774985388319813
442,13113,8.869567415843495
443,13115,9.144820743739764
444,13117,14.075230382425296
445,13119,1.2231101251348448
446,13121,78.66894849201795
447,13123,2.033652171187017
448,13125,0.15214830948230373
449,13127,3.0594762170137337
450,13129,4.567084742066821
451,13131,1.4118488796207704
452,13133,0.9265584151633295
453,13135,60.153889247602955
454,13137,2.505977366657745
455,13139,12.043967702583101
456,13141,0.4611041805261346
457,13143,2.956563195707384
458,13145,2.981336600345011
459,13147,1.321937642939362
460,13149,1.1932266857444007
461,13151,15.550174051873721
462,13153,9.127830830637663
463,13155,0.47106317823391
464,13157,3.729737227757927
465,13159,0.8585506199873688
466,13161,0.6957460227764728
467,13163,0.7791793114235804
468,13165,0.3995077502202985
469,13167,0.4822355661427658
470,13169,1.7728812608623745
471,13171,1.316295012004229
472,13173,0.4834955045327214
473,13175,2.4728224791868123
474,13177,1.866763156897006
475,13179,2.5097009106463988
476,13181,0.3666473334133439
477,13183,0.6860057662213415
478,13185,5.332004709708941
479,13187,2.0016591750648214
480,13189,1.0373529537725297
481,13191,0.5294619645153584
482,13193,0.9236383141846898
483,13195,1.572210570519432
484,13197,0.671993346406092
485,13199,1.8035537349028437
486,13201,0.3839916936728782
487,13205,1.3367801397029586
488,13207,1.831377206446044
489,13209,0.424107346718117
490,13211,1.0893940514247125
491,13213,2.9297022069016285
492,13215,17.46806069830169
493,13217,6.9145849701455075
494,13219,2.085670252804731
495,13221,0.8014542815779959
496,13223,13.270148901249675
497,13225,1.734411036679366
498,13227,2.214732374792279
499,13229,0.7959184818957179
500,13231,1.384223043971837
501,13233,4.073256516162503
502,13235,0.6614135331847125
503,13237,1.251451709194578
504,13239,0.18563787061632067
505,13241,0.8841239049690345
506,13243,0.536808688805389
507,13245,9.062584054342075
508,13247,6.117256210556854
509,13249,0.3673010214113179
510,13251,0.5793236577294595
511,13253,0.5463369789143361
512,13255,4.844208442926412
513,13257,1.3987243160878247
514,13259,0.45809048642514477
515,13261,2.0912802070550893
516,13263,0.5079169131294513
517,13265,0.08920781867729297
518,13267,1.0845591380061779
519,13269,0.6083877628316358
520,13271,0.8242643007540054
521,13273,0.6220396404667614
522,13275,2.3624263703250743
523,13277,2.1710639756656556
524,13279,1.236693307978497
525,13281,0.6443340501832142
526,13283,0.3265822178880761
527,13285,6.764961745894064
528,13287,0.4587758140529298
529,13289,0.48798839891001977
530,13291,1.3611341334821068
531,13293,1.965085359590168
532,13295,5.9766781231251445
533,13297,5.616286630958495
534,13299,1.4960493152329757
535,13301,0.2799041602657915
536,13303,1.0650903187889547
537,13305,1.2160302328312742
538,13307,0.19437532083671322
539,13309,0.3904336122435531
540,13311,1.6785544808076935
541,13313,8.156516735358032
542,13315,0.4915836963496636
543,13317,0.5078605994345143
544,13319,0.5197510994622829
545,13321,1.2070010995659257
546,15001,0.6483874034793451
547,15003,3.2390966165825423
548,15005,0.0002949150295441859
549,15007,0.2266026467635331
550,15009,0.5414252445390654
551,16001,3.5580979385192015
552,16003,0.0315513704205892
553,16005,0.793652203008255
554,16007,0.05879368303608232
555,16009,0.07187612736579023
556,16011,0.425486562278061
557,16013,0.19194197240944844
558,16015,0.0574882371440929
559,16017,0.32279906299490424
560,16019,1.0436428058955967
561,16021,0.08475158034403366
562,16023,0.02389241317705942
563,16025,0.009042802216214705
564,16027,1.6706058756152748
565,16029,0.06648965480281936
566,16031,0.21554112118377972
567,16033,0.008023721816873188
568,16035,0.06970507771543595
569,16037,0.03623902433869297
570,16039,0.22287804075408005
571,16041,0.1265821966750262
572,16043,0.12244373830968565
573,16045,0.13926400250797832
574,16047,0.13178974144124694
575,16049,0.13424800925796573
576,16051,0.2523696658517018
577,16053,0.2037098533990441
578,16055,1.1519487100441412
579,16057,0.30377251009413253
580,16059,0.067693811720666
581,16061,0.030832253893732068
582,16063,0.04745356425105576
583,16065,0.36270316734760877
584,16067,0.18461136810443823
585,16069,0.31824451812682747
586,16071,0.03973439275274947
587,16073,0.09585452774557418
588,16075,0.1868530870343448
589,16077,0.07110281922338757
590,16079,0.09927253509077129
591,16081,0.1000460182726772
592,16083,0.7160862741498252
593,16085,0.08216657324389944
594,16087,0.08149128791564475
595,17001,1.8764298611437804
596,17003,0.3681334470035783
597,17005,0.6094371592473048
598,17007,1.2144971072201995
599,17009,0.19560195039843542
600,17011,0.8387347689259523
601,17013,0.15872160604051602
602,17015,0.3360089807117255
603,17017,0.383588400572992
604,17019,6.176608904552508
605,17021,1.082749311299267
606,17023,0.548247639624141
607,17025,0.5024937436936927
608,17027,1.401463929708169
609,17029,1.748108927625431
610,17031,124.9114815835563
611,17033,0.6949796146273323
612,17035,0.369222256496192
613,17037,2.49469634778827
614,17039,0.4780054356179374
615,17041,0.6268385849420028
616,17043,22.287445248786415
617,17045,0.5718656480655224
618,17047,0.2635039402815628
619,17049,1.2077039638848797
620,17051,0.7676050356192742
621,17053,0.38279175517259467
622,17055,1.6689293967008891
623,17057,0.9850323233311069
624,17059,0.24007395416606161
625,17061,0.42415518065909963
626,17063,1.2860662089304749
627,17065,0.3493144632824458
628,17067,0.49466473164910385
629,17069,0.1980639999435638
630,17071,0.17707068694348824
631,17073,1.2219981983645563
632,17075,0.792776459430983
633,17077,2.5776024158642707
634,17079,0.34362840279800955
635,17081,1.5365481183631946
636,17083,0.7427186876107315
637,17085,0.48938178095080975
638,17087,0.5982117386687489
639,17089,12.447058085919688
640,17091,2.9051704216663006
641,17093,2.9847925224504537
642,17095,1.344285873129616
643,17097,15.987196845300344
644,17099,2.8047011551318537
645,17101,0.6230828425376134
646,17103,0.8300263432802784
647,17105,1.0152669164134382
648,17107,0.871052300143806
649,17109,0.8598658992319205
650,17111,6.945462755406762
651,17113,4.897410095272627
652,17115,3.3276358828509722
653,17117,1.5150838901674382
654,17119,9.318472737843766
655,17121,1.4429944019958165
656,17123,0.31254015875715563
657,17125,0.39516624946814327
658,17127,0.7552845972173811
659,17129,0.36925998990788805
660,17131,0.3927502806874559
661,17133,1.271666680295549
662,17135,0.9790845639455269
663,17137,1.0558979139324387
664,17139,0.4743278099975917
665,17141,1.2035283584994718
666,17143,4.979831400005082
667,17145,0.8839491577278239
668,17147,0.4969761168802157
669,17149,0.47655237280883245
670,17151,0.2080865442711711
671,17153,0.28787656732666467
672,17155,0.14826510950661062
673,17157,1.3155814806898871
674,17159,0.6047984165503923
675,17161,3.5088335702140645
676,17163,9.837183262461238
677,17165,1.111031924096719
678,17167,6.09361926881658
679,17169,0.20574986259852665
680,17171,0.15733914624948558
681,17173,0.7308175945570001
682,17175,0.148612601377244
683,17177,1.0322829320531435
684,17179,3.761461952161914
685,17181,0.8094045072232852
686,17183,2.3677026165373394
687,17185,0.45835007063241523
688,17187,0.46046185217728114
689,17189,0.5551831934798009
690,17191,0.6524767316278417
691,17193,0.6101060501976985
692,17195,1.3441313233829935
693,17197,17.194973615580217
694,17199,2.993811450236047
695,17201,6.468300537857326
696,17203,1.0536999091289627
697,18001,0.9214279662615097
698,18003,9.322500523502207
699,18005,2.712410820494379
700,18007,0.24349036841572885
701,18009,0.3435950603604632
702,18011,1.8617269308322824
703,18013,0.5115263595973739
704,18015,0.5564703798522217
705,18017,1.0469654891641085
706,18019,4.343405243558353
707,18021,0.8902437396307765
708,18023,0.9503693102381146
709,18025,0.43006881131562846
710,18027,1.2375602196562063
711,18029,1.63295494509299
712,18031,0.8718867037761024
713,18033,1.0393444595135997
714,18035,3.3582423506976116
715,18037,1.6975593425820672
716,18039,4.9177987939451935
717,18041,0.72611620382979
718,18043,3.0043991331624174
719,18045,0.49929261602353336
720,18047,0.7306389447934853
721,18049,0.5367512750956777
722,18051,1.375664697839817
723,18053,1.9040165862135259
724,18055,1.1612405197052844
725,18057,9.029706880156334
726,18059,2.2069595234607235
727,18061,1.6006896422718602
728,18063,4.896467791446683
729,18065,1.46435903836655
730,18067,2.334949850157431
731,18069,0.9753223123014456
732,18071,1.5578809249984997
733,18073,0.8866985509159238
734,18075,0.5845363977749368
735,18077,1.1586722144886583
736,18079,0.9710599506011643
737,18081,4.789243063394789
738,18083,1.4395343816986832
739,18085,1.9962272681277922
740,18087,0.9246786383466308
741,18089,12.273279088461878
742,18091,2.756775782521687
743,18093,1.6683604449139662
744,18095,3.792954783155531
745,18097,29.054323589412135
746,18099,1.1919944556004862
747,18101,0.38378519436105785
748,18103,0.9723933413578875
749,18105,4.955704763095192
750,18107,1.154509660888443
751,18109,2.2835124013832218
752,18111,0.3779685881312086
753,18113,1.1780817877079497
754,18115,0.20552193375036756
755,18117,0.7553029691949554
756,18119,0.709791879577234
757,18121,0.5440397969664801
758,18123,0.8223964369323478
759,18125,0.5058026308241511
760,18127,4.160204786557091
761,18129,1.1025221996494652
762,18131,0.3413141185696542
763,18133,1.204542995939731
764,18135,0.7259573331956276
765,18137,0.9587075281091774
766,18139,0.5288202652613351
767,18141,6.5387778531421805
768,18143,0.8711708261872084
769,18145,1.4298329175519644
770,18147,0.8994337925328517
771,18149,0.5891775112377506
772,18151,0.8183861224390764
773,18153,0.7435635584017991
774,18155,0.3635132061917198
775,18157,5.269989224035206
776,18159,0.4437106503657994
777,18161,0.22263154449750444
778,18163,7.882789121513211
779,18165,0.4897841087097705
780,18167,3.609416096085588
781,18169,0.8605756655020556
782,18171,0.2422386921106308
783,18173,2.603420974645955
784,18175,1.0512385925183556
785,18177,2.01633299568879
786,18179,0.744262755348917
787,18181,0.6698027009087134
788,18183,0.8544397832348664
789,19001,0.15661872886578845
790,19003,0.08262304877274275
791,19005,0.27570501114774165
792,19007,0.30208469287464773
793,19009,0.1161176678078279
794,19011,0.553676995056706
795,19013,2.7434567877701803
796,19015,0.5357074255093861
797,19017,0.495902776363761
798,19019,0.4403274726511137
799,19021,0.3769118643800434
800,19023,0.29825597796924
801,19025,0.18917054850246695
802,19027,0.4013610599578751
803,19029,0.2765239501577526
804,19031,0.4214422742142352
805,19033,0.8231967711323392
806,19035,0.21275860468970684
807,19037,0.24004901703762657
808,19039,0.20519678365407057
809,19041,0.2950373925270864
810,19043,0.36224678646067077
811,19045,1.102256746861533
812,19047,0.32890224347106073
813,19049,1.609309681441279
814,19051,0.21381440571458513
815,19053,0.18885936403182166
816,19055,0.36873056477936944
817,19057,1.0101778189833672
818,19059,0.29541138020877966
819,19061,2.0682217012699287
820,19063,0.1775043469032275
821,19065,0.4103785630637779
822,19067,0.3107834830184037
823,19069,0.20421238641257008
824,19071,0.14609508039375751
825,19073,0.18309286210445352
826,19075,0.2532142100193918
827,19077,0.21862654048925126
828,19079,0.3000416976953238
829,19081,0.2066657128666414
830,19083,0.3493191443946896
831,19085,0.27519491295130893
832,19087,0.4969679221667291
833,19089,0.18006406547906498
834,19091,0.18212333422999263
835,19093,0.13043076607521528
836,19095,0.36746228752410914
837,19097,0.4340758882857941
838,19099,0.7978461715573022
839,19101,0.4181670580705277
840,19103,3.2477292970518543
841,19105,0.4516046919639362
842,19107,0.2369567461519024
843,19109,0.277978254697304
844,19111,0.9030885773940894
845,19113,4.767200510733258
846,19115,0.27012892064611693
847,19117,0.19770715321738724
848,19119,0.19680847320481412
849,19121,0.33487997953202064
850,19123,0.5088472514774114
851,19125,0.7449068468213739
852,19127,0.8582637750937928
853,19129,0.30174034426821295
854,19131,0.20321566196980773
855,19133,0.16753158551293995
856,19135,0.18563766936500392
857,19137,0.2171805638056067
858,19139,1.0131633224862704
859,19141,0.24677217105619242
860,19143,0.10692751373645376
861,19145,0.33033059124171027
862,19147,0.16536961818558793
863,19149,0.4372456625524882
864,19151,0.13307731379905707
865,19153,9.750225891813383
866,19155,1.8592495091829495
867,19157,0.41210250592135367
868,19159,0.11282717669060036
869,19161,0.18894467352774527
870,19163,4.0336781416121195
871,19165,0.235170039343734
872,19167,0.5966126943039424
873,19169,1.9416254359914975
874,19171,0.371161413416388
875,19173,0.13404535380984509
876,19175,0.27263417016681524
877,19177,0.18530029755940092
878,19179,0.8328368175793377
879,19181,1.0489498558779822
880,19183,0.5195017638479575
881,19185,0.14936905802126604
882,19187,0.7184105713468869
883,19189,0.1931795228200722
884,19191,0.40291239955488045
885,19193,1.852287056924107
886,19195,0.14158792680185658
887,19197,0.24750066241033006
888,20001,0.33849584040145814
889,20003,0.20198753979251666
890,20005,0.38267180412615354
891,20007,0.1011473560141923
892,20009,0.53561951477456
893,20011,0.4032867492895807
894,20013,0.21893293488966564
895,20015,1.5415853817500051
896,20017,0.062011317940788006
897,20019,0.08803169074624564
898,20021,0.5976194038889862
899,20023,0.04208225098047012
900,20025,0.04077422595895847
901,20027,0.17311744027493436
902,20029,0.18806049149706755
903,20031,0.20842111534540786
904,20033,0.03873365691420887
905,20035,0.8605473928587243
906,20037,1.1012359552327164
907,20039,0.048685259297330266
908,20041,0.41519217382029006
909,20043,0.1807733652313798
910,20045,2.8400217535129126
911,20047,0.05848040955176973
912,20049,0.06700647331766903
913,20051,0.5378045888438957
914,20053,0.12855869339396214
915,20055,0.6493987939056229
916,20057,0.6496495259206705
917,20059,0.6404905191874416
918,20061,0.8008579530388984
919,20063,0.04704993925198249
920,20065,0.04516308269861094
921,20067,0.133519555261984
922,20069,0.1091629363431903
923,20071,0.021046308436058106
924,20073,0.15359731821656197
925,20075,0.042666878555242704
926,20077,0.12619134590717948
927,20079,0.7631532070376653
928,20081,0.07204659667664554
929,20083,0.03528374019275639
930,20085,0.30684664664978545
931,20087,0.4449471215205448
932,20089,0.05795500859338644
933,20091,14.481741006604805
934,20093,0.06609587592385761
935,20095,0.16359200067295468
936,20097,0.04910600411822977
937,20099,0.5764893403542177
938,20101,0.029574847182348523
939,20103,1.9097829545498064
940,20105,0.06260611125195545
941,20107,0.25235007047184294
942,20109,0.04634718948973904
943,20111,0.7827155147555249
944,20113,0.6203433777063213
945,20115,0.269871905003763
946,20117,0.21116083988620588
947,20119,0.07976481037249258
948,20121,0.8484992330938659
949,20123,0.12216238804717079
950,20125,0.8994284759056169
951,20127,0.12777143246050704
952,20129,0.05185478792961201
953,20131,0.22093630018311206
954,20133,0.4396182748755847
955,20135,0.05637301535067777
956,20137,0.09604985205304889
957,20139,0.3828819979646309
958,20141,0.07068550978679315
959,20143,0.12375190662761114
960,20145,0.1326843126418376
961,20147,0.09866454452801851
962,20149,0.5018477366842161
963,20151,0.19955411168304737
964,20153,0.04181703108543616
965,20155,1.3398138779481286
966,20157,0.09438356060186391
967,20159,0.20481353203987138
968,20161,1.6158895752612956
969,20163,0.09380012128390644
970,20165,0.06022932336761273
971,20167,0.1335219880971686
972,20169,1.1593009830229843
973,20171,0.08668571985429978
974,20173,11.330754093651331
975,20175,0.4161776847430618
976,20177,4.161584138795027
977,20179,0.04325028242264246
978,20181,0.09685414326623817
979,20183,0.06941328351910661
980,20185,0.0858817731946699
981,20187,0.034959934223063
982,20189,0.09977829810733704
983,20191,0.5331717009676396
984,20193,0.1295589675917297
985,20195,0.05198174763873658
986,20197,0.15974646911713303
987,20199,0.02410949348788838
988,20201,0.11410196875162534
989,20203,0.03616128844801301
990,20205,0.23295714618969027
991,20207,0.07967084228594806
992,20209,4.01640402147959
993,21001,0.9296745343748245
994,21003,1.151071761926926
995,21005,0.8714780553859869
996,21007,0.42713489546727107
997,21009,2.2672665994274546
998,21011,0.4348502843223957
999,21013,1.2223182243057276
1000,21015,4.2356314331758975
1001,21017,0.7307631762865279
1002,21019,1.5607745604909982
1003,21021,1.258478234387501
1004,21023,0.2843116700958381
1005,21025,0.50485238095547
1006,21027,0.8906464174785841
1007,21029,3.254420012610496
1008,21031,0.6633201058795726
1009,21033,0.6738179226600126
1010,21035,2.3154052766480104
1011,21037,3.034730592719349
1012,21039,0.27120635020686085
1013,21041,0.3875468843935886
1014,21043,0.9007234030467658
1015,21045,0.7149601979321908
1016,21047,4.221522469613313
1017,21049,1.3503915819913952
1018,21051,0.8717674755433821
1019,21053,0.5274279413283165
1020,21055,0.4613978934435219
1021,21057,0.3538998372032764
1022,21059,4.5186292034660935
1023,21061,0.6033212370118677
1024,21063,0.26128573655520343
1025,21065,0.5616896707057127
1026,21067,11.874630551208718
1027,21069,0.501196351643867
1028,21071,1.3511885057404023
1029,21073,1.8949277654730903
1030,21075,0.36294324114483417
1031,21077,0.2993903830274807
1032,21079,0.6948012267388787
1033,21081,0.8713372278223186
1034,21083,2.1678304831068433
1035,21085,1.2544861941402208
1036,21087,0.5274495651431488
1037,21089,1.1533919183162853
1038,21091,0.39052792014022597
1039,21093,4.837748463011806
1040,21095,1.1512069801004468
1041,21097,0.6607658295419413
1042,21099,0.8984677303622506
1043,21101,2.1142567486149697
1044,21103,0.578369918740658
1045,21105,0.270319906957638
1046,21107,2.3628655329311874
1047,21109,0.5437496376723975
1048,21111,30.36590915024742
1049,21113,2.014319571336232
1050,21115,0.8017607212244833
1051,21117,5.474481472282976
1052,21119,0.5902058307961147
1053,21121,1.3908636721528271
1054,21123,0.6444623161437619
1055,21125,2.6011497303343667
1056,21127,0.52545003034862
1057,21129,0.29289585365292153
1058,21131,0.440133575559606
1059,21133,0.886365923338624
1060,21135,0.4567947399129871
1061,21137,1.0484644256471953
1062,21139,0.48187407218999345
1063,21141,1.525537900265176
1064,21143,0.45909699137664495
1065,21145,3.442539731015839
1066,21147,0.8625268305347694
1067,21149,0.45734178859640173
1068,21151,3.467565448842337
1069,21153,0.46358564381738054
1070,21155,0.8832659841387989
1071,21157,1.7361771203834655
1072,21159,0.4225668467102218
1073,21161,0.5776644071657604
1074,21163,1.243935708422283
1075,21165,0.22808823656889646
1076,21167,0.8723619576211761
1077,21169,0.5102769230241448
1078,21171,0.5877990814151255
1079,21173,1.0087261394351577
1080,21175,0.47113318840344603
1081,21177,1.624123250958143
1082,21179,1.907458056816551
1083,21181,0.24921698412127763
1084,21183,1.1629098022706932
1085,21185,2.4189776268372123
1086,21187,0.38643591670192734
1087,21189,0.1782782933391505
1088,21191,0.4967418065928644
1089,21193,1.069355383665776
1090,21195,2.1836541386593953
1091,21197,0.46930581115250125
1092,21199,2.8981610757474723
1093,21201,0.07594641196462688
1094,21203,0.7123241443983832
1095,21205,0.8167998550626097
1096,21207,0.8645747930268648
1097,21209,1.896559708572628
1098,21211,1.7387608541791466
1099,21213,1.032879036924608
1100,21215,0.7149418515557613
1101,21217,1.1624911254488732
1102,21219,0.7202862122600343
1103,21221,0.8211585348734115
1104,21223,0.32090473476865505
1105,21225,0.7090290658959518
1106,21227,6.47241322802124
1107,21229,0.504613158089031
1108,21231,1.012324600537122
1109,21233,0.6407550293107955
1110,21235,1.6398306923128967
1111,21237,0.267312140861129
1112,21239,0.9957428749221652
1113,22001,2.498852487078743
1114,22003,1.0112626744337325
1115,22005,5.679032142062887
1116,22007,1.0418055269888538
1117,22009,1.9250128068060317
1118,22011,1.3247081164040944
1119,22013,0.5989538751291698
1120,22015,4.979050249054822
1121,22017,9.611542906810522
1122,22019,6.932201945010096
1123,22021,0.5014462266282915
1124,22023,0.23204537023476615
1125,22025,0.5209187817405636
1126,22027,0.7300111693414572
1127,22029,1.0712279598234775
1128,22031,1.0343505987399235
1129,22033,22.34663372033489
1130,22035,0.4850842189739165
1131,22037,1.0514675335754047
1132,22039,1.4173577140416471
1133,22041,1.1392272969580333
1134,22043,1.002100452748428
1135,22045,2.906429251653091
1136,22047,1.539848336115384
1137,22049,0.754255668952249
1138,22051,20.511079116529295
1139,22053,1.1901366253083898
1140,22055,9.770524981605469
1141,22057,4.442524465273296
1142,22059,0.7185814286887262
1143,22061,2.233825486072314
1144,22063,7.058277703710987
1145,22065,0.7447450680669665
1146,22067,1.5162479124015478
1147,22069,1.6237195139920282
1148,22071,20.603036446085298
1149,22073,8.060013317657367
1150,22075,1.1511093988712398
1151,22077,1.0631122077122122
1152,22079,5.738918989374841
1153,22081,0.35207272284529323
1154,22083,1.1599316858508384
1155,22085,0.9214952257293512
1156,22087,2.4699741576472594
1157,22089,2.6030354560796067
1158,22091,0.5946163086788089
1159,22093,1.0331313847521042
1160,22095,2.20639022478124
1161,22097,3.6826212990184155
1162,22099,2.3216829298663963
1163,22101,2.1917032087479176
1164,22103,14.215657605156979
1165,22105,7.189756785508321
1166,22107,0.28560660478229016
1167,22109,4.768861153720794
1168,22111,1.1281987985227628
1169,22113,2.277065354843414
1170,22115,2.0304389798502176
1171,22117,2.9242833488678617
1172,22119,1.6831836286197446
1173,22121,1.2005628167094842
1174,22123,0.7088423967472718
1175,22125,0.771204513984872
1176,22127,0.6686914377559013
1177,23001,1.273702022382991
1178,23003,0.7243853496896047
1179,23005,3.4657437356143417
1180,23007,0.3527144046809052
1181,23009,0.6022609218238429
1182,23011,1.403226240831555
1183,23013,0.4533901019232956
1184,23015,0.3975188334494594
1185,23017,0.6836677287869014
1186,23019,1.665446739876726
1187,23021,0.18444523080042335
1188,23023,0.413403455812812
1189,23025,0.5766221282524306
1190,23027,0.44184507226810693
1191,23029,0.33806712891532364
1192,23031,2.4769029223324495
1193,24001,1.5742597634799285
1194,24003,10.909196889332836
1195,24005,15.81747555366744
1196,24009,1.7989721441686466
1197,24011,0.608161972555027
1198,24013,3.269817266168843
1199,24015,1.8697514068992585
1200,24017,3.183927485144557
1201,24019,0.6288038798037848
1202,24021,4.885343126310279
1203,24023,0.6677444408332203
1204,24025,4.671605140841652
1205,24027,6.088149850091827
1206,24029,0.371343243054793
1207,24031,20.7711336765777
1208,24033,18.090556103577665
1209,24035,0.9200727682198947
1210,24037,2.221291122877404
1211,24039,0.49947185463053706
1212,24041,0.7231510251498653
1213,24043,3.0546179939617457
1214,24045,1.9113395859615399
1215,24047,0.9573990301239438
1216,24510,11.991611264711858
1217,25001,2.7341716523558546
1218,25003,1.8228943301281157
1219,25005,7.325746802891068
1220,25007,0.2280725535047018
1221,25009,9.80195451466427
1222,25011,0.970211294436132
1223,25013,6.52758054946042
1224,25015,2.2300573692792742
1225,25017,20.550709375448886
1226,25019,0.13954064062049557
1227,25021,9.068678795213204
1228,25023,6.558893514313527
1229,25025,9.935218905350775
1230,25027,10.947151375640324
1231,26001,0.17913561064685546
1232,26003,0.14033026226937484
1233,26005,2.4993538561763975
1234,26007,0.4937345772867379
1235,26009,0.4020970784279166
1236,26011,0.2823010967210602
1237,26013,0.13210101544781758
1238,26015,1.2846819710926691
1239,26017,2.019749080498398
1240,26019,0.31520787727956134
1241,26021,3.7304942954395397
1242,26023,1.0086949426889116
1243,26025,3.0136595922219014
1244,26027,1.213910408264452
1245,26029,0.43413889161975483
1246,26031,0.42398116913703754
1247,26033,0.5933332788259134
1248,26035,0.5759613742558766
1249,26037,1.5947376895743386
1250,26039,0.24252798300969197
1251,26041,0.5980280258134164
1252,26043,0.4178825972650829
1253,26045,2.333017373978773
1254,26047,0.5462403989941529
1255,26049,8.309203085574659
1256,26051,0.4744011997895644
1257,26053,0.24221672625176893
1258,26055,1.6130946008674025
1259,26057,0.8320128220995195
1260,26059,1.0583408897475373
1261,26061,0.5443502687635786
1262,26063,0.5854176206162827
1263,26065,6.049901699869372
1264,26067,1.3380951683565367
1265,26069,0.4481998681698642
1266,26071,0.18078858981309082
1267,26073,1.369394617664498
1268,26075,3.52419700032838
1269,26077,5.831570953845854
1270,26079,0.30870330208768954
1271,26081,13.067985833035083
1272,26083,0.03154180907763482
1273,26085,0.21537873701589022
1274,26087,1.7430951567016633
1275,26089,0.3769609098242745
1276,26091,2.2474278748212755
1277,26093,3.905576997505391
1278,26095,0.09588499865474968
1279,26097,0.17415812147085483
1280,26099,17.521419135527534
1281,26101,0.4513886446838765
1282,26103,1.0372576766158939
1283,26105,0.5506763106803482
1284,26107,0.8437951316641962
1285,26109,0.3964575316406069
1286,26111,1.6056764647921231
1287,26113,0.27514838827567356
1288,26115,3.3375851996415986
1289,26117,1.2640746839362986
1290,26119,0.15847779200072062
1291,26121,3.524666338017516
1292,26123,0.9471166648189494
1293,26125,25.56812778200415
1294,26127,0.5179084322148514
1295,26129,0.3796622279716603
1296,26131,0.09027335706077086
1297,26133,0.4377403215144802
1298,26135,0.1466497278711078
1299,26137,0.4141654985492865
1300,26139,5.849754019483352
1301,26141,0.21131721778719598
1302,26143,0.43515537411969385
1303,26145,3.842348277679513
1304,26147,3.1646297873433036
1305,26149,1.4245095320096601
1306,26151,0.785208116620073
1307,26153,0.1310773022708409
1308,26155,1.4097403920600697
1309,26157,1.0353423009965363
1310,26159,1.7032673947999273
1311,26161,7.7618230745453065
1312,26163,37.65873833850602
1313,26165,0.604527455241361
1314,27001,0.2299844884566673
1315,27003,5.485758771793152
1316,27005,0.4540949032826337
1317,27007,0.5984237725254922
1318,27009,0.6054068290274084
1319,27011,0.07546905074983846
1320,27013,1.1265896599971033
1321,27015,0.4211732340319103
1322,27017,0.5250842443101514
1323,27019,1.5941049720399008
1324,27021,0.40056974969216996
1325,27023,0.18688219286719077
1326,27025,0.8582598108930729
1327,27027,0.8250932194223688
1328,27029,0.11645785055779281
1329,27031,0.07444473593556712
1330,27033,0.1943332767623835
1331,27035,0.9184218994735391
1332,27037,6.94980616699407
1333,27039,0.36234122960111714
1334,27041,0.5372206005161817
1335,27043,0.2521511252627023
1336,27045,0.3875944633329174
1337,27047,0.5574316866775678
1338,27049,0.8044519840330939
1339,27051,0.08585604412509035
1340,27053,19.7332749120901
1341,27055,0.3544394818253887
1342,27057,0.2829017595012476
1343,27059,0.6031044267313502
1344,27061,0.6256852155622574
1345,27063,0.17583664511652228
1346,27065,0.2434173696835108
1347,27067,0.6568372935686067
1348,27069,0.05357994964251804
1349,27071,0.16801925798297895
1350,27073,0.1047428230828801
1351,27075,0.15061509735841663
1352,27077,0.04885425189064815
1353,27079,0.47084329505824013
1354,27081,0.09105806161823729
1355,27083,0.4090242785493835
1356,27085,0.5808654452819475
1357,27087,0.0733689210468461
1358,27089,0.11719213232870379
1359,27091,0.35290189943931227
1360,27093,0.36398117364142685
1361,27095,0.3934815543590895
1362,27097,0.48936272364579037
1363,27099,0.7224818432967796
1364,27101,0.13890641154298836
1365,27103,0.554140549316838
1366,27105,0.36217001198578763
1367,27107,0.08728492401721243
1368,27109,2.7087399098314315
1369,27111,0.8128421071055052
1370,27113,0.17883762804375417
1371,27115,0.4440770528764718
1372,27117,0.14979160809850306
1373,27119,0.4071402998948918
1374,27121,0.16400109584066477
1375,27123,8.73734211387407
1376,27125,0.05197193066773062
1377,27127,0.2517492880045917
1378,27129,0.2405530046475917
1379,27131,1.1185103291040248
1380,27133,0.15763405713242484
1381,27135,0.19274134849946592
1382,27137,2.7868599483728684
1383,27139,2.3307851970812017
1384,27141,1.4285244088295754
1385,27143,0.2460253326180428
1386,27145,2.3346442913407515
1387,27147,0.6456943665810415
1388,27149,0.14428456624911637
1389,27151,0.1428426410459247
1390,27153,0.3559262020387386
1391,27155,0.04872453170745513
1392,27157,0.37757311904379454
1393,27159,0.19490790543585845
1394,27161,0.33257555674237493
1395,27163,4.100151383144779
1396,27165,0.18878766052645754
1397,27167,0.09022504947406514
1398,27169,0.9352945603843624
1399,27171,2.066514490807137
1400,27173,0.1578637984582472
1401,28001,1.7562548323005895
1402,28003,4.205034258929231
1403,28005,0.7465232989052696
1404,28007,2.255947537155769
1405,28009,0.8251054535457774
1406,28011,2.4294755909437753
1407,28013,1.8381726455201088
1408,28015,1.0468255156806612
1409,28017,2.641316627199719
1410,28019,1.175536201977995
1411,28021,0.5912972613299238
1412,28023,2.111623533031465
1413,28025,3.715788786916481
1414,28027,1.8634270249857143
1415,28029,2.072435558337944
1416,28031,1.6731486747389297
1417,28033,13.5324559558293
1418,28035,6.098979241524881
1419,28037,0.4753523078740839
1420,28039,1.827038069262723
1421,28041,1.287098774026775
1422,28043,2.264501319738539
1423,28045,2.817137546432573
1424,28047,12.886726453901785
1425,28049,18.651267576148037
1426,28051,1.7547207527558675
1427,28053,0.7118300530523392
1428,28055,0.09686634229577938
1429,28057,3.9760223860844093
1430,28059,9.69952590170105
1431,28061,1.8369355201929174
1432,28063,0.46440706076527344
1433,28065,0.9316657583963858
1434,28067,6.445644307563289
1435,28069,1.9443738809682096
1436,28071,5.576425555726099
1437,28073,4.582450543855792
1438,28075,12.533780080854823
1439,28077,0.9177977584022059
1440,28079,2.6988873555670523
1441,28081,12.591363674173438
1442,28083,2.7649525211155632
1443,28085,2.3487976822206136
1444,28087,15.553130641235485
1445,28089,9.440559032449825
1446,28091,1.8710675011320905
1447,28093,3.3621571526755805
1448,28095,7.367697370005246
1449,28097,1.1971483639622162
1450,28099,4.1847263989061245
1451,28101,2.7814602615173136
1452,28103,2.5531524718703777
1453,28105,8.89526382702694
1454,28107,3.075458031244218
1455,28109,3.6914806101702013
1456,28111,1.019609844142638
1457,28113,2.5477683618489695
1458,28115,4.040316795344275
1459,28117,3.3228569129714027
1460,28119,0.6307649596233517
1461,28121,13.290566507715969
1462,28123,3.074550957705985
1463,28125,0.34038865546880126
1464,28127,2.2976783753267673
1465,28129,1.5859856016587335
1466,28131,1.2894964777593032
1467,28133,2.1810842141453275
1468,28135,1.312070723774096
1469,28137,2.383630100434206
1470,28139,2.410199737911237
1471,28141,2.544519824687482
1472,28143,0.7961913251476344
1473,28145,3.353929013537646
1474,28147,0.9991269882480014
1475,28149,3.333561355217934
1476,28151,3.506561062964326
1477,28153,2.1930237692831276
1478,28155,1.3582362333348519
1479,28157,0.4880968302045069
1480,28159,2.9458290110862864
1481,28161,1.2828479911574209
1482,28163,2.3178837038106797
1483,29001,0.654926723554028
1484,29003,0.4008711141489537
1485,29005,0.1156199747147557
1486,29007,0.7718814062446607
1487,29009,1.1801104402288038
1488,29011,0.35431232045471245
1489,29013,0.45730875118159753
1490,29015,0.5623786429448683
1491,29017,0.5623073848825149
1492,29019,5.139457427021518
1493,29021,2.1198641484977294
1494,29023,2.117035382517212
1495,29025,0.2253811821961106
1496,29027,1.3918362994858995
1497,29029,1.4154418397991804
1498,29031,3.5871810396961994
1499,29033,0.23764757604494416
1500,29035,0.2785278929900452
1501,29037,2.686380691334278
1502,29039,0.4203957301392979
1503,29041,0.2071629648073051
1504,29043,2.8439061630876665
1505,29045,0.18004865997801456
1506,29047,5.843160667187006
1507,29049,0.4956543133784802
1508,29051,2.4206408433203133
1509,29053,0.5141320852269775
1510,29055,0.9019327881651369
1511,29057,0.23616629313187776
1512,29059,0.5348508633199995
1513,29061,0.20143455825025558
1514,29063,0.3021225288733061
1515,29065,0.5948949618854342
1516,29067,0.5064001032596397
1517,29069,1.8126178731121456
1518,29071,3.5624849900474667
1519,29073,0.5011472408089446
1520,29075,0.15817346425071663
1521,29077,9.4661421180573
1522,29079,0.24980857785100702
1523,29081,0.20234552409530587
1524,29083,0.6272969821849262
1525,29085,0.28542242738444595
1526,29087,0.10078941838412395
1527,29089,0.28963429844048416
1528,29091,1.6493286213997225
1529,29093,0.41664180970356995
1530,29095,17.643225957694497
1531,29097,3.5413492806877622
1532,29099,8.23908713912275
1533,29101,1.4944923230632166
1534,29103,0.10529399596090454
1535,29105,1.207884610722836
1536,29107,0.8716905093185737
1537,29109,1.214773900670912
1538,29111,0.2738933476552696
1539,29113,1.7368535358379824
1540,29115,0.3170678786170558
1541,29117,0.3811457104103872
1542,29119,0.717566427266942
1543,29121,0.4124467763416852
1544,29123,0.5307872716707047
1545,29125,0.3057024661743751
1546,29127,0.8110881639594845
1547,29129,0.08847352570360131
1548,29131,0.8133488560558021
1549,29133,0.7628369017209138
1550,29135,0.4826822232225189
1551,29137,0.24848973779443118
1552,29139,0.3743671986534926
1553,29141,0.6174192870286987
1554,29143,1.0014399464122554
1555,29145,1.8074913180264063
1556,29147,0.514191109299262
1557,29149,0.48073337676826594
1558,29151,0.4489796359153987
1559,29153,0.36994636704565337
1560,29155,1.04467056747563
1561,29157,0.8205583258085216
1562,29159,1.20843950738192
1563,29161,1.6000956694618502
1564,29163,0.5645468901448261
1565,29165,2.3050242711379854
1566,29167,0.986241523373744
1567,29169,1.8487633065607045
1568,29171,0.11749571852043579
1569,29173,0.2983990389946814
1570,29175,0.7001971814011093
1571,29177,0.590655818089001
1572,29179,0.2718927516169095
1573,29181,0.6602842917215409
1574,29183,12.844980184039622
1575,29185,0.278797666292518
1576,29186,0.722155503651878
1577,29187,2.640396312721629
1578,29189,35.089665652600296
1579,29195,0.6441819570463587
1580,29197,0.1090068598792909
1581,29199,0.12372366922789729
1582,29201,1.9379962968217277
1583,29203,0.34176913194225694
1584,29205,0.16757352255702754
1585,29207,1.5005799365091075
1586,29209,1.0674562360914333
1587,29211,0.15945231099979273
1588,29213,1.972363413922442
1589,29215,0.9701997282315565
1590,29217,0.5995078729000541
1591,29219,1.0969082450814547
1592,29221,0.951454555898671
1593,29223,0.6104880629200573
1594,29225,1.2774593446792066
1595,29227,0.046897454193934984
1596,29229,0.660597886891261
1597,29510,11.24894965875558
1598,30001,0.08395611786454502
1599,30003,0.13917532538011348
1600,30005,0.06151520967734063
1601,30007,0.051781418233471786
1602,30009,0.10452835889010076
1603,30011,0.013400535190727444
1604,30013,0.739978271838613
1605,30015,0.05352831525352378
1606,30017,0.1311023641297717
1607,30019,0.017908408833493646
1608,30021,0.10165512518569211
1609,30023,0.08030051111598174
1610,30025,0.03477709208387387
1611,30027,0.10896977941568227
1612,30029,0.7819655811886047
1613,30031,0.9117711149137911
1614,30033,0.013215929715948732
1615,30035,0.11482169194978009
1616,30037,0.008295695311705042
1617,30039,0.027801794154695032
1618,30041,0.14927026926380596
1619,30043,0.10442304248569206
1620,30045,0.01850692136695475
1621,30047,0.24248632659982056
1622,30049,0.5785007240596141
1623,30051,0.020781925282445927
1624,30053,0.15203023921125794
1625,30055,0.01747919691432864
1626,30057,0.07201566435563145
1627,30059,0.017109348877009108
1628,30061,0.0349106791410939
1629,30063,0.9538531445276627
1630,30065,0.04547668405477216
1631,30067,0.15194531934729466
1632,30069,0.004753934601566646
1633,30071,0.040166344649636386
1634,30073,0.05362892701010687
1635,30075,0.019854707875273044
1636,30077,0.060152036741960485
1637,30079,0.012272902707950891
1638,30081,0.35083309234434795
1639,30083,0.12255748632905712
1640,30085,0.11666699068365098
1641,30087,0.09806093067476264
1642,30089,0.0920204681916701
1643,30091,0.03792169667520475
1644,30093,0.309480144150374
1645,30095,0.09143457194414278
1646,30097,0.03537774185376154
1647,30099,0.05266060662479061
1648,30101,0.04453429762607474
1649,30103,0.007144774372523096
1650,30105,0.0752364177824258
1651,30107,0.02002435788744667
1652,30109,0.012309529926434535
1653,30111,1.5722816738566783
1654,31001,0.5674779125014189
1655,31003,0.10772791370017833
1656,31005,0.00665593122424722
1657,31007,0.010265162295212134
1658,31009,0.007885196744044571
1659,31011,0.0925604711869689
1660,31013,0.15321688985236034
1661,31015,0.03194183004334535
1662,31017,0.04524673154483707
1663,31019,0.829810363408032
1664,31021,0.12198114258159362
1665,31023,0.15352588648365595
1666,31025,0.5101003398204373
1667,31027,0.1463540788112131
1668,31029,0.06072360893589316
1669,31031,0.08359916710909313
1670,31033,0.14218575486932356
1671,31035,0.11671402389966586
1672,31037,0.1916973857276593
1673,31039,0.16348265237678372
1674,31041,0.1741619436199048
1675,31043,0.3697751362472859
1676,31045,0.11987690476417802
1677,31047,0.39899198853185336
1678,31049,0.02814047778556719
1679,31051,0.10067740256408514
1680,31053,0.684733637616285
1681,31055,10.562630694943486
1682,31057,0.029160193335184433
1683,31059,0.10724828240120521
1684,31061,0.05501971945404791
1685,31063,0.04408555602881407
1686,31065,0.0829585152894053
1687,31067,0.4391349656338983
1688,31069,0.027201962254735278
1689,31071,0.03292983178102469
1690,31073,0.03312838646934705
1691,31075,0.008952190220335778
1692,31077,0.04230376935444019
1693,31079,1.0895923622764876
1694,31081,0.16582649975669583
1695,31083,0.06096473741921478
1696,31085,0.014705011054729326
1697,31087,0.04636867033280122
1698,31089,0.16717288010041909
1699,31091,0.010830629524502049
1700,31093,0.11055841149459
1701,31095,0.14553390977602335
1702,31097,0.10661354735429351
1703,31099,0.11707743204414056
1704,31101,0.1213146286023176
1705,31103,0.012257352908207356
1706,31105,0.05043249424969965
1707,31107,0.14018431194538275
1708,31109,5.910229491686603
1709,31111,0.5617939388787625
1710,31113,0.011690479393366498
1711,31115,0.00941491963101521
1712,31117,0.0075262140044747555
1713,31119,0.6140017265199496
1714,31121,0.1386262352243219
1715,31123,0.06704543347625466
1716,31125,0.06302119676576488
1717,31127,0.15111625798073186
1718,31129,0.08230739003583562
1719,31131,0.32187668725071034
1720,31133,0.056616980996873637
1721,31135,0.0437442260740733
1722,31137,0.15789721023471473
1723,31139,0.12303557258424185
1724,31141,0.5841568132361743
1725,31143,0.09619106785133523
1726,31145,0.17912781988097404
1727,31147,0.17580886768708257
1728,31149,0.022580225479191186
1729,31151,0.2771264951165676
1730,31153,3.3981032742396526
1731,31155,0.3990610913531056
1732,31157,0.4857065221405046
1733,31159,0.32611754162004347
1734,31161,0.07239988110262881
1735,31163,0.05221635366492097
1736,31165,0.016985607411441325
1737,31167,0.10808096902422934
1738,31169,0.10111046036005708
1739,31171,0.010536026241071502
1740,31173,0.12567902636987732
1741,31175,0.0701368747309918
1742,31177,0.38621735959927256
1743,31179,0.16515591720001235
1744,31181,0.0671588987732092
1745,31183,0.012804013128720136
1746,31185,0.2583695350158992
1747,32001,0.19360009376947965
1748,32003,18.67958735784473
1749,32005,0.36911350882851574
1750,32007,0.4621577248624509
1751,32009,0.006790616571831743
1752,32011,0.017296141530205887
1753,32013,0.13886319666683825
1754,32015,0.050280351301848096
1755,32017,0.046983382304004215
1756,32019,0.4069897939696115
1757,32021,0.03624091865406844
1758,32023,0.36274794124072135
1759,32027,0.05364845289938794
1760,32029,0.03042121379114838
1761,32031,3.390902090099381
1762,32033,0.09021282541290689
1763,32510,0.4215208715489455
1764,33001,0.7630644445884648
1765,33003,0.587811925823837
1766,33005,1.0150538752318394
1767,33007,0.38316643959335256
1768,33009,1.1355309939405094
1769,33011,5.295130961544483
1770,33013,1.894496177025396
1771,33015,3.8242361131190292
1772,33017,1.578214526778231
1773,33019,0.5651781144881085
1774,34001,4.675239734452522
1775,34003,14.535616865311098
1776,34005,7.534326123324421
1777,34007,8.730122218620052
1778,34009,1.663568730140067
1779,34011,2.765410413575199
1780,34013,12.580626248549478
1781,34015,5.038456234127884
1782,34017,10.513708690155122
1783,34019,2.0809255861540263
1784,34021,6.137821158689328
1785,34023,13.516976412535564
1786,34025,10.096313515278412
1787,34027,7.997598390750187
1788,34029,9.613218190222183
1789,34031,7.9869434156446815
1790,34033,1.141451222626099
1791,34035,5.407093583406289
1792,34037,2.3084028277677113
1793,34039,8.814348754548996
1794,34041,1.7517330216918192
1795,35001,8.696659578060526
1796,35003,0.041954386216111306
1797,35005,0.9541470098156564
1798,35006,0.3295078562056832
1799,35007,0.1804386720689281
1800,35009,0.7923983482831743
1801,35011,0.026617512371061653
1802,35013,2.696977302642409
1803,35015,0.8190786934294013
1804,35017,0.34117760054330226
1805,35019,0.06371392632753735
1806,35021,0.010247842067005401
1807,35023,0.05217920096044975
1808,35025,1.0768750399988138
1809,35027,0.27033276536536793
1810,35028,0.2313944041077719
1811,35029,0.29697022322666466
1812,35031,0.8815733698982134
1813,35033,0.06467454921153629
1814,35035,0.8703225962263634
1815,35037,0.13032332394494253
1816,35039,0.5086479284560017
1817,35041,0.3011168776672086
1818,35043,1.7500312845434862
1819,35045,1.4636534324721842
1820,35047,0.40150527156663046
1821,35049,1.9766532568837005
1822,35051,0.14120467841675613
1823,35053,0.21950525276190183
1824,35055,0.44633058157627253
1825,35057,0.20990451927393672
1826,35059,0.06543563399524092
1827,35061,0.9692448410461841
1828,36001,4.467314798540745
1829,36003,0.8378898861290819
1830,36005,22.244811268330874
1831,36007,3.160453011619
1832,36009,1.419261287552255
1833,36011,1.2459275231386
1834,36013,2.4481772202690966
1835,36015,1.4644839890212238
1836,36017,0.7710929960356873
1837,36019,1.0678705513034936
1838,36021,0.8999382782051787
1839,36023,0.7761588868426514
1840,36025,0.7169608703774886
1841,36027,4.404069769651076
1842,36029,16.172592807165483
1843,36031,0.5214713699640217
1844,36033,0.6892071320072884
1845,36035,0.780701632869878
1846,36037,0.9972071984100552
1847,36039,0.7095517573469647
1848,36041,0.06659269781923173
1849,36043,0.9220946796673001
1850,36045,1.7515442880321144
1851,36047,41.084325040979174
1852,36049,0.3957014698935469
1853,36051,1.0887866037431888
1854,36053,1.1083441433973666
1855,36055,12.042362693936049
1856,36057,0.7255411026324191
1857,36059,20.835952191261775
1858,36061,25.526961848001534
1859,36063,3.5738366907240526
1860,36065,3.476110949987124
1861,36067,7.290158843402993
1862,36069,1.8009121165446085
1863,36071,5.815832535573787
1864,36073,0.6866962630881766
1865,36075,1.839051566115455
1866,36077,0.924437079238547
1867,36079,1.4968397665015687
1868,36081,36.142283971482044
1869,36083,2.2609161429117965
1870,36085,7.507241121427138
1871,36087,4.99149449094828
1872,36089,1.5448204100506664
1873,36091,3.1744155658362367
1874,36093,2.2420848789462027
1875,36095,0.4665065146793165
1876,36097,0.3063600791792288
1877,36099,0.564053365764165
1878,36101,1.677786232928558
1879,36103,21.905319526088267
1880,36105,1.183440427258728
1881,36107,0.8146753384305514
1882,36109,1.69828809987553
1883,36111,2.721926801498644
1884,36113,0.8990198341226799
1885,36115,0.8586379749339074
1886,36117,1.4460960876570994
1887,36119,14.792636089844882
1888,36121,0.7085244101640368
1889,36123,0.4156615328669258
1890,37001,4.419121814076136
1891,37003,1.3103190780086122
1892,37005,0.3630558031708323
1893,37007,0.8297670726684058
1894,37009,0.9487671996803284
1895,37011,0.6766795374785107
1896,37013,1.0739054857900383
1897,37015,0.4521229103450261
1898,37017,0.9388081538131806
1899,37019,3.133355676748121
1900,37021,10.864630338573347
1901,37023,3.405081303679594
1902,37025,6.426622803594582
1903,37027,2.978198970561895
1904,37029,0.2158314274134798
1905,37031,1.5261390969572968
1906,37033,0.6390030345026304
1907,37035,5.539729818886712
1908,37037,1.9468590011293891
1909,37039,1.6325861836357431
1910,37041,0.31728845198667605
1911,37043,0.605020194602046
1912,37045,3.728716370129975
1913,37047,1.5666333174299594
1914,37049,2.4271158195097264
1915,37051,9.030938171087667
1916,37053,0.5123877264537348
1917,37055,0.7220579686401821
1918,37057,5.152111605471668
1919,37059,1.3430794562601742
1920,37061,1.5137250631502193
1921,37063,7.917771948396255
1922,37065,1.3127619720425594
1923,37067,11.319203363589123
1924,37069,1.591421402872539
1925,37071,7.708722518500115
1926,37073,0.2517093218096688
1927,37075,0.48144414132356805
1928,37077,1.5221251820469353
1929,37079,0.5139568502412071
1930,37081,15.11407997082024
1931,37083,1.2570777149254895
1932,37085,3.4890118956193104
1933,37087,2.77913673770043
1934,37089,4.907323667717529
1935,37091,0.5426751913914235
1936,37093,1.496666668829552
1937,37095,0.1209191303696566
1938,37097,5.66791719560946
1939,37099,2.02737742914207
1940,37101,4.722039689240381
1941,37103,0.24040052270672302
1942,37105,1.6912184241771913
1943,37107,1.4274820247265259
1944,37109,2.8991375205590058
1945,37111,1.8040086403512199
1946,37113,1.7939798044493511
1947,37115,0.917829112089353
1948,37117,0.537548461814726
1949,37119,35.38388585985013
1950,37121,0.6054847069951361
1951,37123,0.8483703035218525
1952,37125,2.7470055678054655
1953,37127,2.333054303884042
1954,37129,5.489446129709672
1955,37131,0.4724633303593705
1956,37133,4.55886471751547
1957,37135,3.8651080535849967
1958,37137,0.2894820873356767
1959,37139,0.8394182979931892
1960,37141,1.4250477277273015
1961,37143,0.2880822048677328
1962,37145,1.0449539289298793
1963,37147,4.140157399419894
1964,37149,0.8598583038977644
1965,37151,4.300402692477605
1966,37153,1.4075272778727117
1967,37155,3.8819506350276907
1968,37157,2.6601576713292414
1969,37159,4.5607251716076895
1970,37161,2.683351636950665
1971,37163,1.690987961573702
1972,37165,1.0654469441972303
1973,37167,1.960240520836218
1974,37169,1.4115122192024812
1975,37171,2.3286598330204282
1976,37173,0.7223942741903611
1977,37175,1.5608161088371493
1978,37177,0.08696473598503342
1979,37179,7.4245980056112
1980,37181,1.1301931306719903
1981,37183,26.5007746824519
1982,37185,0.497568581723132
1983,37187,0.27494394809217676
1984,37189,1.9197429875700183
1985,37191,3.1379772176676037
1986,37193,2.3575039588668854
1987,37195,2.0162842670714047
1988,37197,1.224643619592198
1989,37199,0.7187821798742334
1990,38001,0.028416859461657513
1991,38003,0.14427478754369408
1992,38005,0.0811541273766899
1993,38007,0.0101265588150144
1994,38009,0.07400231215129212
1995,38011,0.037587815891303035
1996,38013,0.024066429137983996
1997,38015,1.1013239004443465
1998,38017,2.2063612055593262
1999,38019,0.045129247658202115
2000,38021,0.0688867925379724
2001,38023,0.025461727250902722
2002,38025,0.04978110792820938
2003,38027,0.029009572084493767
2004,38029,0.04323818898891012
2005,38031,0.04158289355288668
2006,38033,0.020296193238487338
2007,38035,0.8745248683378188
2008,38037,0.028577185614510947
2009,38039,0.02911378127863655
2010,38041,0.03135174927219473
2011,38043,0.030105182111559343
2012,38045,0.05443814858381747
2013,38047,0.0248452995792432
2014,38049,0.06858466408421296
2015,38051,0.03648024727458229
2016,38053,0.12011299451247034
2017,38055,0.110385406489658
2018,38057,0.10125169661784886
2019,38059,0.35911147494196927
2020,38061,0.10767142371458994
2021,38063,0.03737846486283652
2022,38065,0.021863208232253288
2023,38067,0.08495050071184085
2024,38069,0.051201285626583146
2025,38071,0.1379448160965803
2026,38073,0.07314558911054024
2027,38075,0.028363319235678686
2028,38077,0.22697552546696242
2029,38079,0.1663394713453997
2030,38081,0.053815871808024954
2031,38083,0.015744592866213415
2032,38085,0.055028817529804826
2033,38087,0.008756885634959237
2034,38089,0.3505893829861666
2035,38091,0.024837466960197604
2036,38093,0.2672408721008297
2037,38095,0.026723845878678938
2038,38097,0.10400568688944162
2039,38099,0.13289582534613803
2040,38101,0.7786513058325178
2041,38103,0.05058959652501596
2042,38105,0.3424274823557039
2043,39001,0.894470699997624
2044,39003,2.70303314523642
2045,39005,1.2584296881500698
2046,39007,2.0027993978272303
2047,39009,1.7723936533997355
2048,39011,1.2144535246365984
2049,39013,1.6675770289015646
2050,39015,1.419675027341971
2051,39017,11.625188509946243
2052,39019,0.6477799102592103
2053,39021,1.0725830128488485
2054,39023,3.846411751227867
2055,39025,6.48073202761996
2056,39027,1.2582267930138396
2057,39029,2.351176696214308
2058,39031,0.9000883508888196
2059,39033,1.0362340861739237
2060,39035,26.794996010067116
2061,39037,1.4799064948658645
2062,39039,0.9408716803151799
2063,39041,4.925316583378867
2064,39043,1.695358062931588
2065,39045,4.073742499805729
2066,39047,0.8352807946758343
2067,39049,33.21168873712638
2068,39051,0.9989608538751902
2069,39053,0.8958186426422096
2070,39055,2.0063386424326812
2071,39057,4.774581926081179
2072,39059,0.9760041520331569
2073,39061,25.91974179849848
2074,39063,1.8599255039509692
2075,39065,0.8155980623795563
2076,39067,0.366567505614946
2077,39069,0.6733579487369467
2078,39071,1.3188178300375981
2079,39073,0.7945667970807293
2080,39075,1.0537365743535607
2081,39077,1.3704887252916425
2082,39079,0.9640583290454144
2083,39081,1.5533959246276057
2084,39083,1.5286412658597641
2085,39085,4.74388639777572
2086,39087,1.8898725674764685
2087,39089,4.386902625914581
2088,39091,1.2098493476889125
2089,39093,6.786095821374035
2090,39095,9.925334600257106
2091,39097,1.2180386097375329
2092,39099,5.080088491246075
2093,39101,1.6660988170576194
2094,39103,4.001644302864755
2095,39105,0.6550010793407721
2096,39107,1.100119981946297
2097,39109,2.9321106778487125
2098,39111,0.3591936011864523
2099,39113,15.678759266313525
2100,39115,0.3899786935961632
2101,39117,0.8826508538899244
2102,39119,2.188269113409775
2103,39121,0.363103811408609
2104,39123,0.9372434408666666
2105,39125,0.47606690632530996
2106,39127,0.9501196562355755
2107,39129,1.5957357851052976
2108,39131,0.8497338589775899
2109,39133,3.5490248195069367
2110,39135,1.243946442917103
2111,39137,0.8545972285472119
2112,39139,2.949229091240105
2113,39141,2.2511358273261957
2114,39143,1.403869684921083
2115,39145,2.389590724775231
2116,39147,1.3301985257204463
2117,39149,1.3319456904331648
2118,39151,8.571137649481164
2119,39153,12.115637822521279
2120,39155,4.357846984906086
2121,39157,2.201213109759939
2122,39159,1.420888589511523
2123,39161,0.7363569166547409
2124,39163,0.37600587023038784
2125,39165,6.775696377081684
2126,39167,1.5994118661806256
2127,39169,2.6976764591009363
2128,39171,0.888747896992167
2129,39173,3.071739339328068
2130,39175,0.554356197997532
2131,40001,0.7080425898646725
2132,40003,0.12506702949480394
2133,40005,0.3952355300816127
2134,40007,0.10077840158743488
2135,40009,0.4746523805252084
2136,40011,0.21756014568048623
2137,40013,1.247185464221037
2138,40015,0.6552054939324153
2139,40017,2.9791586721522685
2140,40019,1.2240702509378425
2141,40021,1.4820703258385979
2142,40023,0.4619445053128856
2143,40025,0.0368987872578085
2144,40027,6.642691327714856
2145,40029,0.16112232796199616
2146,40031,2.7897269653644945
2147,40033,0.1389327876935059
2148,40035,0.4160541243786706
2149,40037,1.868902121911308
2150,40039,0.6203313831337578
2151,40041,1.2609212744354716
2152,40043,0.10248793627913605
2153,40045,0.08130521248772084
2154,40047,1.4412926109499944
2155,40049,0.6855804432829341
2156,40051,1.2616257955469226
2157,40053,0.10136005621622672
2158,40055,0.12490614358861282
2159,40057,0.0556024373476886
2160,40059,0.07415549171515427
2161,40061,0.402608845809092
2162,40063,0.38063439132119214
2163,40065,0.5356495999745804
2164,40067,0.14958084946034383
2165,40069,0.2971859636823664
2166,40071,1.0804652137149005
2167,40073,0.3548948329175888
2168,40075,0.19878779262038573
2169,40077,0.3314552621894021
2170,40079,1.6552760083570686
2171,40081,0.878013673936509
2172,40083,1.0813182561624957
2173,40085,0.2465695407514943
2174,40087,0.9110544567165167
2175,40089,1.1134547672983197
2176,40091,0.5845118744207801
2177,40093,0.1665479297207611
2178,40095,0.42887448793977556
2179,40097,1.192674580213805
2180,40099,0.35288987714250974
2181,40101,2.081958189000836
2182,40103,0.2755025496403553
2183,40105,0.2879374827442896
2184,40107,0.3292357820266606
2185,40109,18.555569018979018
2186,40111,1.0904587937167085
2187,40113,1.22794001237567
2188,40115,0.9490110455549946
2189,40117,0.4141708872133209
2190,40119,1.9922969204395424
2191,40121,1.3057387679394203
2192,40123,1.0069460047923766
2193,40125,1.8326031829561147
2194,40127,0.3433571289523565
2195,40129,0.07445566601876767
2196,40131,2.516683892242334
2197,40133,0.6734209938528972
2198,40135,1.3323847190578675
2199,40137,1.053023958633005
2200,40139,0.37513659494649976
2201,40141,0.16391905481849892
2202,40143,17.257925917312377
2203,40145,2.185732901735686
2204,40147,1.38809790498328
2205,40149,0.244418245791885
2206,40151,0.19197595525062824
2207,40153,0.4353404021036265
2208,41001,0.12714792121892182
2209,41003,0.593152935075292
2210,41005,2.7825979962960803
2211,41007,0.25343909224007316
2212,41009,0.33943850659024216
2213,41011,0.4251902100998559
2214,41013,0.15583681163886023
2215,41015,0.15195516545794058
2216,41017,1.239669319469658
2217,41019,0.7444771067942519
2218,41021,0.014252670354793278
2219,41023,0.05502508693890275
2220,41025,0.05529434052072049
2221,41027,0.16287249941233528
2222,41029,1.4866011015260436
2223,41031,0.16081436849567382
2224,41033,0.5775684197805356
2225,41035,0.47448190468840556
2226,41037,0.05867925565724937
2227,41039,2.501490539992147
2228,41041,0.31503340614273695
2229,41043,0.8375979085014517
2230,41045,0.24447249860857262
2231,41047,2.2808247561336965
2232,41049,0.08374320152245092
2233,41051,5.428279514229216
2234,41053,0.5345082862492584
2235,41055,0.012470287484354393
2236,41057,0.17181895013818616
2237,41059,0.5857801957252113
2238,41061,0.20049911930404737
2239,41063,0.05417171209375606
2240,41065,0.1842426324023944
2241,41067,3.8729490495171017
2242,41069,0.010247278242491699
2243,41071,0.6978950303283121
2244,42001,1.973369650689807
2245,42003,26.9225078750007
2246,42005,1.4044772376457255
2247,42007,3.7130079759966024
2248,42009,1.016486462849619
2249,42011,7.255535774746554
2250,42013,2.506343257789873
2251,42015,1.0398785319710782
2252,42017,10.553804421603756
2253,42019,3.9138207783432604
2254,42021,2.8034449236609253
2255,42023,0.08948306566407968
2256,42025,1.090799750054069
2257,42027,3.0026277150703162
2258,42029,9.090331617956705
2259,42031,0.7801110386956775
2260,42033,1.577191794498116
2261,42035,0.729157147321638
2262,42037,1.1695929390751023
2263,42039,1.7434435243196893
2264,42041,4.665046662811344
2265,42043,4.991652099528406
2266,42045,9.809306516525895
2267,42047,0.5942688644531432
2268,42049,5.384238485911197
2269,42051,3.001891564414433
2270,42053,0.14646432238067017
2271,42055,3.0470290676310055
2272,42057,0.29890936509718713
2273,42059,0.8820844324912905
2274,42061,0.897492642508496
2275,42063,1.802138943229369
2276,42065,0.8827256074914378
2277,42067,0.4683629109784673
2278,42069,3.4942541583644178
2279,42071,9.695144504647049
2280,42073,1.895889105212976
2281,42075,2.467508692847839
2282,42077,6.106390246982708
2283,42079,5.4022234730610945
2284,42081,2.063647396534436
2285,42083,0.7869576151058871
2286,42085,2.384290140258795
2287,42087,0.885702484802451
2288,42089,2.743901280854235
2289,42091,14.030332520797058
2290,42093,0.3294414599313384
2291,42095,5.023843002119646
2292,42097,1.6800155631549087
2293,42099,0.8621213935014138
2294,42101,26.682687697965154
2295,42103,0.9024933071828014
2296,42105,0.30973965422489824
2297,42107,2.560487178137717
2298,42109,0.7388680459747228
2299,42111,1.6362860600370757
2300,42113,0.1087636313153694
2301,42115,0.6820314681958939
2302,42117,0.737951275769466
2303,42119,0.8120700530732395
2304,42121,1.0766512427500476
2305,42123,0.7766988899179101
2306,42125,4.722568217758988
2307,42127,0.8236286193289936
2308,42129,7.7276767544287095
2309,42131,0.4690504956041758
2310,42133,8.285612059065869
2311,44001,0.654886912266205
2312,44003,2.234034648242685
2313,44005,1.1060982196666773
2314,44007,8.498685310755572
2315,44009,1.7314925395322387
2316,45001,1.186993627022507
2317,45003,6.858181987454939
2318,45005,0.38444018656114515
2319,45007,9.32500029473613
2320,45009,0.574850835465505
2321,45011,0.8837994050445733
2322,45013,6.193758256582418
2323,45015,6.415512754179315
2324,45017,0.54083145868257
2325,45019,12.250745158455405
2326,45021,2.207305358274113
2327,45023,1.2142238447479865
2328,45025,1.5113090078606546
2329,45027,1.145046004866904
2330,45029,1.3405104136593589
2331,45031,2.1817593415161567
2332,45033,0.9303273508636646
2333,45035,5.1036950037777045
2334,45037,1.1685882115417083
2335,45039,0.867652967893858
2336,45041,4.3594406327878925
2337,45043,1.813009863343574
2338,45045,21.70784520573119
2339,45047,3.116941811506386
2340,45049,0.7781899253964025
2341,45051,8.570569090627592
2342,45053,1.0070410258398084
2343,45055,2.2108446592858924
2344,45057,2.925889548972488
2345,45059,2.8803184945336042
2346,45061,0.6151715556199667
2347,45063,10.864083968445911
2348,45065,0.4606444602469999
2349,45067,0.9572012424767044
2350,45069,0.8619569015465779
2351,45071,1.5413092579846597
2352,45073,3.875731188788815
2353,45075,3.287889103109476
2354,45077,5.759459852584138
2355,45079,14.78644400528892
2356,45081,0.8413798390113648
2357,45083,12.36120030870045
2358,45085,3.697902719075238
2359,45087,1.1213041391923493
2360,45089,1.0273303526697881
2361,45091,9.123984018654696
2362,46003,0.041568117577614014
2363,46005,0.26774368068015986
2364,46007,0.04733575185128455
2365,46009,0.1137736278121907
2366,46011,0.516527759753665
2367,46013,0.530115604431086
2368,46015,0.07886625439097036
2369,46017,0.03023888560924161
2370,46019,0.12463331734250505
2371,46021,0.018038189322133323
2372,46023,0.14452322131305653
2373,46025,0.05336825784587309
2374,46027,0.23496213534755192
2375,46029,0.4130229261526641
2376,46031,0.05278580609212652
2377,46033,0.10686843719226363
2378,46035,0.30654486027917266
2379,46037,0.07982264809370906
2380,46039,0.06554396232590413
2381,46041,0.07396237255331274
2382,46043,0.04622066213273005
2383,46045,0.05409830906294594
2384,46047,0.08785929868339558
2385,46049,0.0326310533818892
2386,46051,0.10707829727989887
2387,46053,0.06417209626269729
2388,46055,0.024434517272222563
2389,46057,0.0900922093672636
2390,46059,0.047786499444041355
2391,46061,0.053399168757088555
2392,46063,0.014759929740900447
2393,46065,0.24565086100914027
2394,46067,0.1149087669191173
2395,46069,0.01962891874047298
2396,46071,0.044365022135223794
2397,46073,0.029796216375590108
2398,46075,0.013516953339353426
2399,46077,0.07698313254229674
2400,46079,0.1937756234425784
2401,46081,0.301204358703752
2402,46083,0.8579613793440215
2403,46085,0.055574659573264906
2404,46087,0.08962963051276235
2405,46089,0.03237422004747678
2406,46091,0.06552879952982651
2407,46093,0.3385304897554104
2408,46095,0.029514540865083552
2409,46097,0.035710776613781914
2410,46099,2.962700622190756
2411,46101,0.10136605192874308
2412,46103,1.385912665883062
2413,46105,0.03711578443231612
2414,46107,0.031589027508249434
2415,46109,0.14865696387468758
2416,46111,0.03541380726875815
2417,46113,0.18845584557715958
2418,46115,0.09437379041904231
2419,46117,0.04041046512383685
2420,46119,0.019614123686633365
2421,46121,0.1414709984548382
2422,46123,0.08101203227216967
2423,46125,0.13525490625552722
2424,46127,0.25810456980769175
2425,46129,0.0729394166310326
2426,46135,0.37431967966030827
2427,46137,0.036213120225265606
2428,47001,3.9342352883157004
2429,47003,3.9957298909289003
2430,47005,1.1748158968535596
2431,47007,0.953687637241671
2432,47009,6.7853342976312785
2433,47011,7.312726905084295
2434,47013,1.9663836065072682
2435,47015,1.0099263966406382
2436,47017,2.087222425813557
2437,47019,2.1794536535056834
2438,47021,2.7289185178200714
2439,47023,1.543554617428949
2440,47025,1.4350828360863734
2441,47027,0.4374313532365814
2442,47029,1.6193946825300947
2443,47031,4.39265186174533
2444,47033,1.0545968470838956
2445,47035,3.516230548364178
2446,47037,46.53856967406074
2447,47039,1.0114557251828107
2448,47041,1.302972545634919
2449,47043,3.6248986754242303
2450,47045,2.4554420251978812
2451,47047,3.2415368229349353
2452,47049,0.9762216233315927
2453,47051,3.844947629672121
2454,47053,3.447057466180879
2455,47055,3.024276167097169
2456,47057,1.0531577802257266
2457,47059,2.913029305873561
2458,47061,1.0699312817562792
2459,47063,2.831713094417406
2460,47065,26.86437681506774
2461,47067,0.28536576469358893
2462,47069,2.336014502026431
2463,47071,2.665066782685522
2464,47073,2.363823113526071
2465,47075,1.3714336682977797
2466,47077,2.324110574361643
2467,47079,2.127144831630173
2468,47081,1.9881459274679611
2469,47083,0.5646671584563618
2470,47085,1.3465698569027151
2471,47087,0.6931343667218449
2472,47089,2.484188768718365
2473,47091,0.6512512396104467
2474,47093,22.978752651274135
2475,47095,0.453965136927898
2476,47097,1.8574882439508602
2477,47099,4.480113717842155
2478,47101,1.092239908340274
2479,47103,3.4362041355961597
2480,47105,2.8884100477759427
2481,47107,3.359959844042052
2482,47109,2.596091281328383
2483,47111,1.3545882574398576
2484,47113,7.870465699255687
2485,47115,2.400529481715409
2486,47117,2.827003215525705
2487,47119,7.441406858242394
2488,47121,0.7635501548231384
2489,47123,2.6805492874987373
2490,47125,12.114973383364674
2491,47127,0.5836465470185191
2492,47129,1.1975837158446836
2493,47131,1.8944057676795476
2494,47133,1.2658187552945859
2495,47135,0.6711877546949251
2496,47137,0.27369634076811494
2497,47139,1.118498017285272
2498,47141,4.602577134279583
2499,47143,2.131791407919582
2500,47145,3.0400704991774643
2501,47147,4.250390507944393
2502,47149,21.8354793022396
2503,47151,1.124058218413411
2504,47153,1.1090368267931006
2505,47155,4.710389101926301
2506,47157,70.54969996932213
2507,47159,1.203007912094127
2508,47161,0.8415012130792628
2509,47163,6.005065522153968
2510,47165,10.730004552448335
2511,47167,4.381375429501964
2512,47169,0.49690491448053725
2513,47171,0.7287719973716257
2514,47173,0.919714664200422
2515,47175,0.39130440503099034
2516,47177,2.9371022205372026
2517,47179,5.065472942477034
2518,47181,1.7607648015628128
2519,47183,2.221585622361924
2520,47185,1.7171452927339956
2521,47187,15.834366610562723
2522,47189,8.470133592434776
2523,48001,1.6844774066370953
2524,48003,0.2811854885407197
2525,48005,2.840537194498377
2526,48007,0.5308851012668728
2527,48009,0.19375904615528122
2528,48011,0.03463568509589605
2529,48013,0.9418799751750772
2530,48015,0.728663377419363
2531,48017,0.11102871410558636
2532,48019,0.40363045491721694
2533,48021,1.7944041590264954
2534,48023,0.0755474190809107
2535,48025,0.6713021887496234
2536,48027,7.731880303054486
2537,48029,37.5021761385421
2538,48031,0.22781482009614676
2539,48033,0.011447809739310325
2540,48035,0.42204887988214373
2541,48037,3.3156597097711735
2542,48039,8.747812644076495
2543,48041,5.42638779729494
2544,48043,0.1358438990497101
2545,48045,0.027568786346989598
2546,48047,0.1321606522734786
2547,48049,0.7879375473261029
2548,48051,0.4303802240643384
2549,48053,0.9809813954673559
2550,48055,0.8795623018996315
2551,48057,0.4876648078762817
2552,48059,0.2766844993223604
2553,48061,7.666048846244783
2554,48063,0.4136605502684624
2555,48065,0.10615347650921574
2556,48067,1.0833242277697455
2557,48069,0.1297956535405211
2558,48071,1.1057134163343512
2559,48073,1.5818771423343658
2560,48075,0.1370937680509563
2561,48077,0.23816410336612145
2562,48079,0.04710535889560403
2563,48081,0.05988977803257329
2564,48083,0.17184791820006945
2565,48085,23.95159804811963
2566,48087,0.05788365279075487
2567,48089,0.49905284905703506
2568,48091,2.5904719692758293
2569,48093,0.29598171801688494
2570,48095,0.078211097581649
2571,48097,0.9820244530586121
2572,48099,1.7427651773674937
2573,48101,0.02725813646221677
2574,48103,0.07942942235356994
2575,48105,0.06486611617055807
2576,48107,0.10517756271564098
2577,48109,0.03209610542005671
2578,48111,0.11491290221265735
2579,48113,66.36506528710275
2580,48115,0.22643977967331427
2581,48117,0.31246570243054894
2582,48119,0.15761663317135097
2583,48121,19.23694820179337
2584,48123,0.4505927393854068
2585,48125,0.04107203410595289
2586,48127,0.19632582994815187
2587,48129,0.06526705377626221
2588,48131,0.21507033123661043
2589,48133,0.3897770977236363
2590,48135,2.477726279870486
2591,48137,0.033868115043477066
2592,48139,4.158227844447522
2593,48141,10.78386572619802
2594,48143,0.9083602531270845
2595,48145,0.4238749649516865
2596,48147,0.9649632753399386
2597,48149,0.5848640968428089
2598,48151,0.07261966499045065
2599,48153,0.1061153631064069
2600,48155,0.025557793366287114
2601,48157,17.597324679409095
2602,48159,0.33735613017442073
2603,48161,0.5441179217232726
2604,48163,0.34976015705449137
2605,48165,0.31410192439717766
2606,48167,8.589439518395185
2607,48169,0.11447229449450479
2608,48171,0.515585355178819
2609,48173,0.022265850776297547
2610,48175,0.15997138727108567
2611,48177,0.4501285189474764
2612,48179,0.4228444261646126
2613,48181,3.3121132774787085
2614,48183,4.087023206897498
2615,48185,0.7239222475990847
2616,48187,3.132182491335208
2617,48189,0.5969466879643002
2618,48191,0.05918769504541195
2619,48193,0.18527865067931087
2620,48195,0.0961694881462406
2621,48197,0.07888562143825754
2622,48199,1.7412596227396568
2623,48201,120.84003092685477
2624,48203,2.3792109797595278
2625,48205,0.0984612954549796
2626,48207,0.115800267166638
2627,48209,3.989671610776084
2628,48211,0.07928181343927214
2629,48213,2.2921288286890524
2630,48215,14.778610789046857
2631,48217,0.8714655745794152
2632,48219,0.3908010326075448
2633,48221,1.2699565772514672
2634,48223,1.0938074912050573
2635,48225,0.6695991618260787
2636,48227,0.6401006044527955
2637,48229,0.04335487877677198
2638,48231,2.530991184381792
2639,48233,0.38231295360470396
2640,48235,0.02794296816265341
2641,48237,0.20381081115693023
2642,48239,0.33995262318661085
2643,48241,1.2008938861595193
2644,48243,0.031412998209171865
2645,48245,7.821308899037814
2646,48247,0.09364177966440713
2647,48249,0.7949367138557725
2648,48251,3.878756884687949
2649,48253,0.394027592237866
2650,48255,0.30937370280220694
2651,48257,3.085274678573359
2652,48259,0.7893158528512775
2653,48261,0.007587527242721266
2654,48263,0.0145238150030436
2655,48265,0.9802314695053772
2656,48267,0.08461151707114607
2657,48269,0.005055286461447085
2658,48271,0.06179201089763855
2659,48273,0.6271614723617289
2660,48275,0.07749945803311474
2661,48277,1.5094834358071736
2662,48279,0.2251603396995148
2663,48281,0.4440541573716655
2664,48283,0.13807665020912596
2665,48285,0.4526944168207829
2666,48287,0.4006439536311822
2667,48289,0.46485681750208113
2668,48291,2.302686692471662
2669,48293,0.613916745987794
2670,48295,0.06689942347673676
2671,48297,0.23929511826071378
2672,48299,0.4075947804759714
2673,48301,0.0012973882590394893
2674,48303,5.050854185537897
2675,48305,0.09894747860528948
2676,48307,0.16435813428368962
2677,48309,5.972711768794964
2678,48311,0.015446542628895913
2679,48313,0.37929115433211846
2680,48315,0.36163585797147346
2681,48317,0.09193677872058013
2682,48319,0.08128870465040677
2683,48321,0.8758797311088834
2684,48323,0.9855161909195208
2685,48325,0.9217084310078103
2686,48327,0.04105102122638821
2687,48329,2.59726382066887
2688,48331,0.591799465702658
2689,48333,0.10485662755614067
2690,48335,0.16453521548959832
2691,48337,0.4671834451877136
2692,48339,14.349407524318815
2693,48341,0.3752857483952081
2694,48343,0.4327339243378366
2695,48345,0.021351496418246532
2696,48347,2.152273514678108
2697,48349,1.292920491707984
2698,48351,0.4965901749048135
2699,48353,0.28429434119124514
2700,48355,7.127165798459897
2701,48357,0.19489082759226764
2702,48359,0.03362636142714806
2703,48361,2.723283623075506
2704,48363,0.6350786888779548
2705,48365,0.8374558007603408
2706,48367,2.922897928608142
2707,48369,0.15964523536608052
2708,48371,0.24826351696297022
2709,48373,1.4120026144208413
2710,48375,2.0695270356540933
2711,48377,0.09785066826772532
2712,48379,0.32554203345491145
2713,48381,2.1882697259729507
2714,48383,0.06428307213106527
2715,48385,0.06268485918064623
2716,48387,0.4056261001799703
2717,48389,0.21281350454267536
2718,48391,0.1549749510310209
2719,48393,0.016940574409020824
2720,48395,0.42577470077969976
2721,48397,2.413911210212847
2722,48399,0.20163407435145464
2723,48401,1.7820067664082382
2724,48403,0.3725961655074064
2725,48405,0.2977212810232616
2726,48407,0.790014688123719
2727,48409,1.3598143451374367
2728,48411,0.11768577949270377
2729,48413,0.057499411640856084
2730,48415,0.31600828014910226
2731,48417,0.0690081395867476
2732,48419,0.9047580387614914
2733,48421,0.05194511428487049
2734,48423,6.822527275515647
2735,48425,0.20519547132684626
2736,48427,1.0927398720534884
2737,48429,0.2027739063804474
2738,48431,0.023876601813426296
2739,48433,0.027007344432530497
2740,48435,0.07165610332703877
2741,48437,0.13108259666091465
2742,48439,48.584495642865114
2743,48441,2.651884478324896
2744,48443,0.014917016999572246
2745,48445,0.21074409534703378
2746,48447,0.033723495924135885
2747,48449,1.0699107642515253
2748,48451,2.1550354437259807
2749,48453,25.73786786372252
2750,48455,0.42722076288986494
2751,48457,0.6927420407228814
2752,48459,1.3239488634670886
2753,48461,0.05701541078096877
2754,48463,0.49763808238272944
2755,48465,0.8302897871786995
2756,48467,1.5452743066078207
2757,48469,2.016598519962543
2758,48471,1.9638324456670284
2759,48473,1.2129511414575551
2760,48475,0.1795639890931082
2761,48477,0.8651157231126907
2762,48479,4.726871979968993
2763,48481,0.9982266044720971
2764,48483,0.10928678158644374
2765,48485,2.9028062101795413
2766,48487,0.27179265688484433
2767,48489,0.4058587701182434
2768,48491,11.20267584102729
2769,48493,0.958389818913533
2770,48495,0.12174914022553593
2771,48497,1.4910173363322972
2772,48499,1.3288315366781853
2773,48501,0.13274557366393994
2774,48503,0.4029967457779902
2775,48505,0.2470630556477887
2776,48507,0.22109116083714306
2777,49001,0.06190413941714258
2778,49003,0.484740410703633
2779,49005,1.160378802852377
2780,49007,0.21651966191845756
2781,49009,0.012016610089626244
2782,49011,3.2090353857036065
2783,49013,0.21340263850803376
2784,49015,0.11155582471725747
2785,49017,0.05164705845946827
2786,49019,0.1036333124793049
2787,49021,0.4529557323740256
2788,49023,0.10122689298793741
2789,49025,0.07368666254741557
2790,49027,0.11907255854794357
2791,49029,0.10547449879875986
2792,49031,0.0148196736176277
2793,49033,0.022912671540379438
2794,49035,10.774645594369236
2795,49037,0.16798531910950168
2796,49039,0.28830146249898214
2797,49041,0.2094199501168196
2798,49043,0.39849413499423264
2799,49045,0.5840343027686605
2800,49047,0.4006945241821181
2801,49049,5.6197508026225425
2802,49051,0.28221611173679206
2803,49053,1.4481644058997158
2804,49055,0.028435032193107137
2805,49057,2.360987721537925
2806,50001,0.4892677523570501
2807,50003,0.5008622280298256
2808,50005,0.3882890352392247
2809,50007,2.0803036218736235
2810,50009,0.07506661847704682
2811,50011,0.6168727382707255
2812,50013,0.09007306295344497
2813,50015,0.3184235230562477
2814,50017,0.3714617729793581
2815,50019,0.3364107584394108
2816,50021,0.805802912660262
2817,50023,0.7579432037629518
2818,50025,0.5922538350363752
2819,50027,0.7384871594564677
2820,51001,0.6407049198276757
2821,51003,2.465071920444149
2822,51005,0.4272247491393855
2823,51007,0.30015332974871384
2824,51009,0.8123837301919815
2825,51011,0.3821784904679715
2826,51013,4.6037808276600485
2827,51015,1.8095336272892608
2828,51017,0.1179644327937996
2829,51019,2.048039460328504
2830,51021,0.20934787422577228
2831,51023,0.893019179215288
2832,51025,0.391388275157004
2833,51027,0.7906306419714321
2834,51029,0.4084800903824756
2835,51031,1.4205035347823032
2836,51033,0.6409409891906596
2837,51035,0.927726524291974
2838,51036,0.1521859827941289
2839,51037,0.3076247688705167
2840,51041,7.508409988410448
2841,51043,0.30655142831596854
2842,51045,0.1475949985148789
2843,51047,1.080439267928283
2844,51049,0.23265941641174695
2845,51051,0.5488863586541864
2846,51053,0.6400787875962939
2847,51057,0.23284201176163544
2848,51059,23.404957796247537
2849,51061,1.4645029810035999
2850,51063,0.4623666285274597
2851,51065,0.6092333422242748
2852,51067,1.5908549970898491
2853,51069,1.7734517543081096
2854,51071,0.5025810118336549
2855,51073,0.7716028727378909
2856,51075,0.5002065634692532
2857,51077,0.5020453652299364
2858,51079,0.43901263543132396
2859,51081,0.27093511168306855
2860,51083,0.9201691536733257
2861,51085,2.2450137590324344
2862,51087,7.08874553016094
2863,51089,1.5202093056958952
2864,51091,0.05618840071982526
2865,51093,0.7724117790841086
2866,51095,1.5419065768418885
2867,51097,0.1513106068537078
2868,51099,0.5323570391389112
2869,51101,0.3466764702053999
2870,51103,0.22501795723308407
2871,51105,1.031063419541588
2872,51107,7.552626115334926
2873,51109,0.7761007642499308
2874,51111,0.30330227376552227
2875,51113,0.29719116772104187
2876,51115,0.17998032450633866
2877,51117,0.7766254670243239
2878,51119,0.22058508768204887
2879,51121,2.845576184799082
2880,51125,0.3646123735163657
2881,51127,0.42940736162362964
2882,51131,0.24172887166370183
2883,51133,0.24753369263957883
2884,51135,0.3694868596037732
2885,51137,0.7827559227905191
2886,51139,0.5403039473851163
2887,51141,0.548565237645212
2888,51143,1.69811019254535
2889,51145,0.6542657295591646
2890,51147,0.5630552780033132
2891,51149,0.8254380976952973
2892,51153,9.369456957100192
2893,51155,1.0461369064905552
2894,51157,0.16239468128762202
2895,51159,0.1838148846375253
2896,51161,2.6623512123006248
2897,51163,0.5737727764009782
2898,51165,1.8346291799408816
2899,51167,0.999978493500199
2900,51169,0.8686362121590567
2901,51171,0.9665135832861351
2902,51173,1.0689538015001574
2903,51175,0.4025243935595172
2904,51177,2.8225772494729298
2905,51179,2.9793134176436706
2906,51181,0.1465103754221909
2907,51183,0.26366212081645973
2908,51185,1.4366530464609544
2909,51187,0.8511484697416236
2910,51191,1.9588628182467565
2911,51193,0.3602081018609082
2912,51195,1.5031245142510734
2913,51197,0.934441258535158
2914,51199,1.3739987474530266
2915,51510,3.0603911913710364
2916,51520,0.6386287064416707
2917,51530,0.16930878829740326
2918,51540,1.0690736595466337
2919,51550,4.883204331156036
2920,51570,0.3963745125270404
2921,51580,0.15649200713169517
2922,51590,1.1720012065522014
2923,51595,0.126349295385392
2924,51600,0.5040127917189141
2925,51610,0.2772386931670905
2926,51620,0.1877522481476859
2927,51630,0.6081927787285928
2928,51640,0.22528354966160083
2929,51650,2.8302663943159017
2930,51660,1.2373825569861405
2931,51670,0.49172706132247224
2932,51678,0.18823144627384616
2933,51680,2.0411548210298167
2934,51683,0.8821037179791003
2935,51685,0.31693903690009195
2936,51690,0.39393158369419917
2937,51700,3.8452644227962067
2938,51710,5.07477307347889
2939,51720,0.15258997804232927
2940,51730,0.7325083608455509
2941,51735,0.24857664339952038
2942,51740,2.0062827959202805
2943,51750,0.527198507056322
2944,51760,4.843649462682094
2945,51770,2.7726308317441735
2946,51775,0.7166889674049369
2947,51790,0.5975168434073646
2948,51800,1.8639036979557375
2949,51810,9.208887303501136
2950,51820,0.5167140166328648
2951,51830,0.3110202158362327
2952,51840,0.5905919527035333
2953,53001,0.14485349410730233
2954,53003,0.17478858260721386
2955,53005,1.387790505000734
2956,53007,0.5317695832520823
2957,53009,0.48161548845484825
2958,53011,3.1417607379756096
2959,53013,0.030817969606134674
2960,53015,0.7064219751249647
2961,53017,0.2901078290407196
2962,53019,0.056877181838815107
2963,53021,0.6609226892480862
2964,53023,0.017260321170228948
2965,53025,0.686570124475211
2966,53027,0.4737874247435754
2967,53029,0.5389437651631291
2968,53031,0.20246981701843123
2969,53033,14.490513016622753
2970,53035,1.7371256966286956
2971,53037,0.3051251744018938
2972,53039,0.15113726816646494
2973,53041,0.5213075457905656
2974,53043,0.0770697437469767
2975,53045,0.41124701176720885
2976,53047,0.2980349124102151
2977,53049,0.13829711538188263
2978,53051,0.09899785061512599
2979,53053,5.779926834349821
2980,53055,0.10754112148125665
2981,53057,0.8304933665260197
2982,53059,0.07981819415197547
2983,53061,5.27022609352666
2984,53063,3.726982838583676
2985,53065,0.32887210529148736
2986,53067,1.8208501814190277
2987,53069,0.0276260111602191
2988,53071,0.4565722905459929
2989,53073,1.4316701145649917
2990,53075,0.36281410634090405
2991,53077,1.786472689399491
2992,54001,0.4076786674236373
2993,54003,2.3075491206205574
2994,54005,0.727118170825777
2995,54007,0.3845144558234871
2996,54009,0.5403957108690263
2997,54011,2.9794448019065953
2998,54013,0.20278906823278506
2999,54015,0.2494784118593361
3000,54017,0.21185496013436325
3001,54019,1.3105202787288015
3002,54021,0.22670760886347877
3003,54023,0.26961854708830457
3004,54025,0.9839554498267811
3005,54027,0.5137871584560701
3006,54029,0.6770738065083165
3007,54031,0.31556340677981887
3008,54033,1.6974978029962144
3009,54035,0.8195346478202984
3010,54037,1.1611716108173895
3011,54039,5.56690447649436
3012,54041,0.41837991112465867
3013,54043,0.6710115734909543
3014,54045,1.1281598196178242
3015,54047,0.6656414788335294
3016,54049,1.3633028059493222
3017,54051,0.7758321579454718
3018,54053,0.7855202725326851
3019,54055,1.9023661969615118
3020,54057,0.6133372964706968
3021,54059,0.8471887721071157
3022,54061,2.4288366096387115
3023,54063,0.39191258162279563
3024,54065,0.36753133650963193
3025,54067,0.715318652973269
3026,54069,1.0123606823894817
3027,54071,0.17683709964585997
3028,54073,0.19682874760163527
3029,54075,0.22456542646091834
3030,54077,0.7835712935869292
3031,54079,1.6802600660045062
3032,54081,2.365902999828171
3033,54083,0.7291210048634482
3034,54085,0.2610856585675613
3035,54087,0.4066754210413865
3036,54089,0.3947334431910797
3037,54091,0.4102125447302325
3038,54093,0.1638014600005734
3039,54095,0.22827925347332273
3040,54097,0.6230678683899283
3041,54099,1.3203480296654329
3042,54101,0.2336193496642537
3043,54103,0.39041888556372134
3044,54105,0.15812535157169136
3045,54107,2.3104859573604717
3046,54109,0.7121888585775806
3047,55001,0.3825643851620127
3048,55003,0.24490414807869326
3049,55005,0.7393697075641305
3050,55007,0.2252201268785697
3051,55009,4.699190909138171
3052,55011,0.23341173719930353
3053,55013,0.23950374141183245
3054,55015,0.93866580296966
3055,55017,1.071741225926341
3056,55019,0.6032746361045244
3057,55021,1.128357922354487
3058,55023,0.325578602074411
3059,55025,10.695265636879123
3060,55027,1.7834621225532847
3061,55029,0.48277991792266156
3062,55031,0.6588560904768802
3063,55033,0.7478661245306417
3064,55035,1.7632226870920007
3065,55037,0.07298812660699697
3066,55039,1.9869712224015004
3067,55041,0.15062322339346765
3068,55043,1.0727529287856237
3069,55045,0.7968169713825255
3070,55047,0.3663514151696071
3071,55049,0.4918273919035122
3072,55051,0.09181348568195621
3073,55053,0.3735936269653081
3074,55055,1.7691376768166729
3075,55057,0.49921239485031726
3076,55059,3.706351584428321
3077,55061,0.3734780770303666
3078,55063,2.202018085796957
3079,55065,0.36013801904656123
3080,55067,0.3305990903979533
3081,55069,0.47970068735474275
3082,55071,1.518290535056116
3083,55073,2.370318370539882
3084,55075,0.7014160977054573
3085,55077,0.2898380597565448
3086,55078,0.07894696513458022
3087,55079,20.14232749072345
3088,55081,0.8510226501997604
3089,55083,0.6541466004601948
3090,55085,0.5819552295169154
3091,55087,3.343516096745872
3092,55089,1.7794078933637365
3093,55091,0.1271527403110951
3094,55093,0.6965044561922363
3095,55095,0.6977453501298818
3096,55097,1.2789224613196453
3097,55099,0.22272295230357284
3098,55101,4.22454545002328
3099,55103,0.34994692583707926
3100,55105,3.491166583492571
3101,55107,0.23499984518454053
3102,55109,1.4406054544091553
3103,55111,1.2590579259159087
3104,55113,0.26149300331891134
3105,55115,0.7382110126874698
3106,55117,2.2586620764225462
3107,55119,0.34659942304480484
3108,55121,0.5299320272023226
3109,55123,0.5854369966868413
3110,55125,0.3411702009028953
3111,55127,2.253408105708592
3112,55129,0.2469355480416674
3113,55131,2.698502163118132
3114,55133,8.303456393985906
3115,55135,0.9486748890685749
3116,55137,0.45423682542493665
3117,55139,3.2059199572038426
3118,55141,1.3297797395904294
3119,56001,0.4653788010245078
3120,56003,0.1259591021078442
3121,56005,0.5576363545387031
3122,56007,0.1856982142378932
3123,56009,0.16903904618405763
3124,56011,0.08555486567975613
3125,56013,0.43529381129058237
3126,56015,0.17393356122112627
3127,56017,0.05106460610660606
3128,56019,0.09602370904102193
3129,56021,1.252439788720743
3130,56023,0.18752530838499357
3131,56025,0.9340950185096143
3132,56027,0.030639067907051183
3133,56029,0.2910505333210802
3134,56031,0.1103486236440129
3135,56033,0.3265276390443833
3136,56035,0.10334827764646852
3137,56037,0.4896958381476893
3138,56039,0.22508956351271056
3139,56041,0.2150292424697264
3140,56043,0.09022461955017402
3141,56045,0.08706454948078521
